taxon	rank	distance	rate
Aculeata	Infraorder	138.103791	0.001223
Aculeata	Infraorder	138.103791	0.001228
Aculeata	Infraorder	147.271311	0.001019
Aculeata	Infraorder	147.271311	0.00103
Aculeata	Infraorder	104.21083	0.001762
Aculeata	Infraorder	104.21083	0.001833
Aculeata	Infraorder	135.343397	0.000796
Aculeata	Infraorder	135.343397	0.000798
Aculeata	Infraorder	144.807885	0.001036
Aculeata	Infraorder	144.807885	0.001111
Aculeata	Infraorder	97.551442	0.001692
Aculeata	Infraorder	97.551442	0.0017
Aculeata	Infraorder	104.814494	0.001134
Aculeata	Infraorder	104.814494	0.001199
Aculeata	Infraorder	138.362058	0.00098
Aculeata	Infraorder	138.362058	0.000943
Aculeata	Infraorder	231.066793	0.00117
Aculeata	Infraorder	231.066793	0.001274
Aculeata	Infraorder	136.264286	0.001546
Aculeata	Infraorder	136.264286	0.001543
Aculeata	Infraorder	187.290501	0.000748
Acyrthosiphon_pisum	Species	70.729982	0.000997
Acyrthosiphon_pisum	Species	70.729982	0.001097
Amniota	Superclass-ish	338.543455	0.000779
Amniota	Superclass-ish	20.540789	0.000708
Amniota	Superclass-ish	233.870554	0.000409
Amniota	Superclass-ish	233.870554	0.000198
Amniota	Superclass-ish	233.870554	0.000218
Amniota	Superclass-ish	233.870554	0.000313
Amniota	Superclass-ish	233.870554	0.000243
Amniota	Superclass-ish	73.04821	0.001122
Amniota	Superclass-ish	391.051698	0.001043
Amniota	Superclass-ish	391.051698	0.001143
Amniota	Superclass-ish	58.157485	0.000602
Amniota	Superclass-ish	291.077534	0.000599
Amniota	Superclass-ish	391.051698	0.000808
Amniota	Superclass-ish	391.051698	0.000462
Amniota	Superclass-ish	391.051698	0.000412
Anopheles	Genus	85.893751	0.001282
Anopheles	Genus	85.893751	0.001319
Anopheles	Genus	113.145291	0.001378
Anopheles	Genus	113.145291	0.001317
Anopheles	Genus	90.567089	0.001887
Anopheles	Genus	90.567089	0.001832
Anopheles	Genus	98.629809	0.0014
Anopheles	Genus	98.629809	0.001372
Anopheles	Genus	115.5102	0.000928
Anopheles	Genus	115.5102	0.000904
Anopheles	Genus	225.753297	0.001437
Anopheles	Genus	225.753297	0.001372
Anopheles	Genus	83.257824	0.001191
Anopheles	Genus	83.257824	0.001166
Anopheles	Genus	99.646174	0.002034
Anopheles	Genus	99.646174	0.002381
Anopheles	Genus	183.764147	0.001911
Anopheles	Genus	183.764147	0.001649
Anopheles	Genus	146.751843	0.002097
Anopheles	Genus	91.47385	0.003005
Anopheles	Genus	91.47385	0.002909
Anopheles_gambiae	Species	122.417946	0.002297
Anopheles_gambiae	Species	122.417946	0.00239
Apis_mellifera	Species	0.692707	0.000744
Apis_mellifera	Species	0.692707	0.000744
Apocrita	Suborder	219.616962	0.001414
Apocrita	Suborder	205.170541	0.001049
Apocrita	Suborder	187.949443	0.001661
Apocrita	Suborder	274.348074	0.001222
Apocrita	Suborder	274.348074	0.001566
Apocrita	Suborder	268.092945	0.000671
Apocrita	Suborder	214.473506	0.001044
Apocrita	Suborder	211.337192	0.001671
Apocrita	Suborder	182.594381	0.001004
Apocrita	Suborder	265.198233	0.000878
Apocrita	Suborder	344.76504	0.001221
Apocrita	Suborder	228.611623	0.001505
Apocrita	Suborder	259.491214	0.000626
Arabidopsis_thaliana	Species	239.558685	0.001027
Arabidopsis_thaliana	Species	239.558685	0.001115
Arabidopsis_thaliana	Species	71.795174	0.001082
Arabidopsis_thaliana	Species	71.795174	0.001114
Arabidopsis_thaliana	Species	213.506275	0.001031
Arabidopsis_thaliana	Species	184.324471	0.000474
Arabidopsis_thaliana	Species	184.324471	0.000532
Arabidopsis_thaliana	Species	555.935221	0.000544
Arabidopsis_thaliana	Species	153.81593	0.000481
Arabidopsis_thaliana	Species	153.81593	0.000509
Arabidopsis_thaliana	Species	872.72913	0.000475
Arabidopsis_thaliana	Species	639.52236	0.000471
Arabidopsis_thaliana	Species	85.773232	0.000935
Arabidopsis_thaliana	Species	85.773232	0.000976
Arabidopsis_thaliana	Species	62.141237	0.001004
Arabidopsis_thaliana	Species	62.141237	0.001023
Arabidopsis_thaliana	Species	222.014341	0.000922
Arabidopsis_thaliana	Species	86.105601	0.000904
Arabidopsis_thaliana	Species	86.105601	0.000928
Arabidopsis_thaliana	Species	165.938878	0.000969
Arabidopsis_thaliana	Species	253.821804	0.000877
Arabidopsis_thaliana	Species	253.821804	0.000838
Arthropoda	Phylum	41.011718	0.000741
Arthropoda	Phylum	580.131079	0.000747
Arthropoda	Phylum	580.131079	0.00075
Ascomycota	Phylum	447.961531	0.000688
Ascomycota	Phylum	682.371326	0.000732
Atherinomorpha	Order	100.031469	0.001238
Atherinomorpha	Order	100.031469	0.001201
Atherinomorpha	Order	82.031546	0.000872
Atherinomorpha	Order	82.031546	0.000887
Atherinomorpha	Order	84.801391	0.001132
Atherinomorpha	Order	84.801391	0.001098
Atherinomorpha	Order	70.368752	0.000982
Atherinomorpha	Order	70.368752	0.000972
Atherinomorpha	Order	415.829965	0.000317
Atherinomorpha	Order	415.829965	0.000231
Atherinomorpha	Order	85.316854	0.000901
Atherinomorpha	Order	85.316854	0.00089
Atherinomorpha	Order	114.770008	0.001248
Atherinomorpha	Order	114.770008	0.001259
Atherinomorpha	Order	103.856601	0.000838
Atherinomorpha	Order	103.856601	0.000806
Atherinomorpha	Order	50.078167	0.002884
Atherinomorpha	Order	50.078167	0.002927
Atherinomorpha	Order	128.788514	0.000516
Atherinomorpha	Order	128.788514	0.000472
Atherinomorpha	Order	134.691445	0.000723
Atherinomorpha	Order	134.691445	0.000752
Atherinomorpha	Order	67.334624	0.001865
Atherinomorpha	Order	67.334624	0.001936
Atherinomorpha	Order	69.867686	0.001425
Atherinomorpha	Order	69.867686	0.001442
Atherinomorpha	Order	122.245869	0.000783
Atherinomorpha	Order	122.245869	0.000767
Atherinomorpha	Order	67.458275	0.000764
Atherinomorpha	Order	67.458275	0.000717
Atherinomorpha	Order	82.928878	0.000648
Atherinomorpha	Order	82.928878	0.000657
Atherinomorpha	Order	84.352009	0.001167
Atherinomorpha	Order	84.352009	0.001173
Bilateria	Superphylum	122.983816	0.001349
Bilateria	Superphylum	756.960199	0.001408
Bilateria	Superphylum	75.065214	0.001451
Bilateria	Superphylum	711.158692	0.001509
Bilateria	Superphylum	65.45539	0.001135
Bilateria	Superphylum	701.545896	0.001121
Bilateria	Superphylum	151.284375	0.000886
Bilateria	Superphylum	701.545895	0.000805
Bilateria	Superphylum	701.545895	0.000641
Bilateria	Superphylum	109.978155	0.001522
Bilateria	Superphylum	65.456731	0.000914
Bilateria	Superphylum	701.545895	0.00073
Bilateria	Superphylum	128.542806	0.001089
Bos_taurus	Species	70.494339	0.001137
Bos_taurus	Species	35.74255	0.000921
Bos_taurus	Species	35.74255	0.000975
Bursaphelenchus_xylophilus	Species	397.425423	0.001337
Bursaphelenchus_xylophilus	Species	397.425423	0.001577
Bursaphelenchus_xylophilus	Species	578.763074	0.000587
Bursaphelenchus_xylophilus	Species	578.763074	0.000625
Bursaphelenchus_xylophilus	Species	631.000989	0.000635
Bursaphelenchus_xylophilus	Species	446.143462	0.000904
Bursaphelenchus_xylophilus	Species	446.143462	0.000942
Caenorhabditis	Genus	116.968515	0.001514
Caenorhabditis	Genus	95.240617	0.001772
Caenorhabditis	Genus	95.240617	0.00175
Caenorhabditis	Genus	102.511929	0.0017
Caenorhabditis	Genus	122.714185	0.001613
Caenorhabditis	Genus	79.119893	0.001811
Caenorhabditis	Genus	139.660492	0.001698
Caenorhabditis	Genus	113.077946	0.001733
Caenorhabditis	Genus	85.720581	0.001762
Caenorhabditis	Genus	85.720581	0.001772
Caenorhabditis	Genus	110.038849	0.001855
Caenorhabditis	Genus	110.038849	0.001854
Caenorhabditis	Genus	201.273742	0.001666
Caenorhabditis	Genus	157.718482	0.001715
Caenorhabditis	Genus	142.087696	0.000937
Caenorhabditis	Genus	182.577964	0.00099
Caenorhabditis	Genus	113.140008	0.001003
Caenorhabditis	Genus	226.389656	0.000864
Caenorhabditis	Genus	54.328092	0.002939
Caenorhabditis	Genus	54.328092	0.002925
Caenorhabditis	Genus	92.685858	0.002729
Caenorhabditis	Genus	81.643097	0.002815
Caenorhabditis	Genus	124.978934	0.001538
Caenorhabditis	Genus	180.371518	0.001518
Caenorhabditis	Genus	105.617779	0.001595
Caenorhabditis	Genus	105.617779	0.001591
Caenorhabditis	Genus	138.68913	0.001239
Caenorhabditis	Genus	88.344617	0.001371
Caenorhabditis	Genus	88.344617	0.001345
Caenorhabditis	Genus	115.115581	0.001254
Caenorhabditis	Genus	99.525979	0.001295
Caenorhabditis	Genus	181.424142	0.001219
Caenorhabditis	Genus	137.116135	0.001281
Caenorhabditis	Genus	117.95969	0.001274
Caenorhabditis	Genus	117.95969	0.001263
Caenorhabditis	Genus	675.020412	0.000591
Caenorhabditis	Genus	266.989226	0.000565
Caenorhabditis	Genus	266.989226	0.000574
Caenorhabditis	Genus	132.765079	0.000919
Caenorhabditis	Genus	132.765079	0.000913
Caenorhabditis	Genus	212.671643	0.000546
Caenorhabditis	Genus	593.641249	0.000709
Caenorhabditis	Genus	260.639833	0.000842
Caenorhabditis	Genus	460.56849	0.00064
Caenorhabditis	Genus	460.56849	0.000648
Caenorhabditis	Genus	183.235752	0.00093
Caenorhabditis	Genus	322.57346	0.00057
Caenorhabditis	Genus	655.145515	0.000638
Caenorhabditis	Genus	311.243526	0.00046
Caenorhabditis	Genus	532.694123	0.000763
Caenorhabditis	Genus	532.694123	0.000677
Caenorhabditis	Genus	487.738977	0.000705
Caenorhabditis	Genus	531.463456	0.000675
Caenorhabditis	Genus	498.337637	0.000555
Caenorhabditis	Genus	144.20314	0.00058
Caenorhabditis	Genus	177.637536	0.000567
Caenorhabditis	Genus	749.436772	0.000628
Caenorhabditis	Genus	344.490363	0.000642
Caenorhabditis	Genus	344.490363	0.000648
Caenorhabditis	Genus	68.276974	0.00233
Caenorhabditis	Genus	68.276974	0.002373
Caenorhabditis	Genus	83.949591	0.002313
Caenorhabditis	Genus	110.473938	0.002239
Caenorhabditis	Genus	223.10676	0.000673
Caenorhabditis	Genus	64.076774	0.001774
Caenorhabditis	Genus	255.030408	0.001225
Caenorhabditis	Genus	255.030408	0.001123
Caenorhabditis	Genus	48.205392	0.001821
Caenorhabditis	Genus	48.205392	0.001831
Caenorhabditis	Genus	98.175152	0.001725
Caenorhabditis	Genus	157.66795	0.000797
Caenorhabditis	Genus	184.583168	0.000682
Caenorhabditis	Genus	243.357618	0.000789
Caenorhabditis_brenneri	Species	15.546904	0.001412
Caenorhabditis_brenneri	Species	15.546904	0.001476
Caenorhabditis_brenneri	Species	30.533553	0.001336
Caenorhabditis_brenneri	Species	30.533553	0.001346
Caenorhabditis_brenneri	Species	3.191645	0.001765
Caenorhabditis_brenneri	Species	3.191645	0.001769
Caenorhabditis_brenneri	Species	98.61913	0.001961
Caenorhabditis_brenneri	Species	98.61913	0.002017
Caenorhabditis_brenneri	Species	5.275272	0.001036
Caenorhabditis_brenneri	Species	5.275272	0.001043
Caenorhabditis_brenneri	Species	8.720905	0.002897
Caenorhabditis_brenneri	Species	8.720905	0.002916
Caenorhabditis_brenneri	Species	48.202802	0.000726
Caenorhabditis_brenneri	Species	48.202802	0.00073
Caenorhabditis_brenneri	Species	340.145808	0.000669
Caenorhabditis_brenneri	Species	164.045147	0.000719
Caenorhabditis_brenneri	Species	63.968299	0.000726
Caenorhabditis_brenneri	Species	172.796579	0.000577
Caenorhabditis_brenneri	Species	172.796579	0.000588
Caenorhabditis_brenneri	Species	88.105932	0.000825
Caenorhabditis_brenneri	Species	88.105932	0.000836
Caenorhabditis_brenneri	Species	508.915878	0.000614
Caenorhabditis_brenneri	Species	508.915878	0.00067
Caenorhabditis_brenneri	Species	395.994401	0.000919
Caenorhabditis_brenneri	Species	28.613849	0.000579
Caenorhabditis_brenneri	Species	28.613849	0.00058
Caenorhabditis_brenneri	Species	499.258205	0.000611
Caenorhabditis_brenneri	Species	344.234006	0.00059
Caenorhabditis_brenneri	Species	225.957395	0.000646
Caenorhabditis_brenneri	Species	225.957395	0.000663
Caenorhabditis_brenneri	Species	7.697678	0.000734
Caenorhabditis_brenneri	Species	7.697678	0.00074
Caenorhabditis_briggsae_AF16	Species	400.554724	0.000659
Caenorhabditis_briggsae_AF16	Species	400.554724	0.000621
Caenorhabditis_briggsae_AF16	Species	291.424213	0.000687
Caenorhabditis_briggsae_AF16	Species	291.424213	0.000718
Caenorhabditis_briggsae_AF16	Species	146.773496	0.000764
Caenorhabditis_briggsae_AF16	Species	146.773496	0.000786
Caenorhabditis_briggsae_AF16	Species	443.711569	0.000732
Caenorhabditis_briggsae_AF16	Species	17.789368	0.000704
Caenorhabditis_briggsae_AF16	Species	17.789368	0.000711
Caenorhabditis_elegans	Species	368.956254	0.000554
Caenorhabditis_elegans	Species	368.956254	0.000557
Caenorhabditis_elegans	Species	467.868415	0.000541
Caenorhabditis_elegans	Species	14.176062	0.002263
Caenorhabditis_elegans	Species	14.176062	0.002286
Caenorhabditis_remanei	Species	122.075516	0.000918
Caenorhabditis_remanei	Species	496.790988	0.000899
Caenorhabditis_remanei	Species	359.650515	0.000744
Caenorhabditis_remanei	Species	421.795039	0.000669
Caenorhabditis_remanei	Species	17.119	0.00066
Caenorhabditis_remanei	Species	17.119	0.000664
Caenorhabditis_remanei	Species	57.507976	0.000947
Caenorhabditis_remanei	Species	57.507976	0.00095
Caenorhabditis_remanei	Species	268.265346	0.000688
Caenorhabditis_remanei	Species	268.265346	0.000706
Caenorhabditis_remanei	Species	291.34254	0.000598
Caenorhabditis_remanei	Species	291.34254	0.000615
Caenorhabditis_remanei	Species	16.304273	0.000909
Caenorhabditis_remanei	Species	16.304273	0.000911
Caenorhabditis_remanei	Species	26.562254	0.000958
Caenorhabditis_remanei	Species	26.562254	0.000969
Caenorhabditis_remanei	Species	306.877828	0.000749
Caenorhabditis_remanei	Species	306.877828	0.000758
Callithrix_jacchus	Species	25.52422	0.001255
Callithrix_jacchus	Species	25.52422	0.001292
Callithrix_jacchus	Species	27.869095	0.000784
Callithrix_jacchus	Species	27.869095	0.000841
Callithrix_jacchus	Species	25.291091	0.000747
Callithrix_jacchus	Species	25.291091	0.000786
Caniformia	Suborder	67.68369	0.000289
Caniformia	Suborder	67.68369	0.00014
Caniformia	Suborder	73.555843	0.000096
Caniformia	Suborder	32.552293	0.000701
Caniformia	Suborder	32.552293	0.000714
Caniformia	Suborder	38.37	0.001095
Caniformia	Suborder	25.540983	0.000521
Caniformia	Suborder	25.540983	0.000532
Caniformia	Suborder	31.412179	0.00105
Caniformia	Suborder	31.412179	0.001062
Caniformia	Suborder	50.351549	0.00048
Caniformia	Suborder	50.351549	0.000495
Caniformia	Suborder	39.704211	0.000677
Caniformia	Suborder	32.473291	0.000677
Caniformia	Suborder	32.473291	0.000703
Caniformia	Suborder	61.021399	0.000494
Caniformia	Suborder	36.233333	0.000498
Caniformia	Suborder	36.233333	0.000509
Caniformia	Suborder	30.489712	0.000709
Caniformia	Suborder	24.237718	0.000698
Caniformia	Suborder	24.237718	0.000708
Caniformia	Suborder	32.877074	0.000821
Caniformia	Suborder	28.002608	0.000846
Caniformia	Suborder	28.002608	0.000841
Caniformia	Suborder	22.713011	0.000592
Caniformia	Suborder	22.713011	0.000599
Caniformia	Suborder	26.214068	0.000591
Caniformia	Suborder	44.041573	0.000707
Caniformia	Suborder	33.874683	0.000688
Caniformia	Suborder	33.874683	0.000693
Caniformia	Suborder	35.275581	0.000593
Caniformia	Suborder	28.722448	0.000619
Caniformia	Suborder	28.722448	0.000653
Caniformia	Suborder	36.241769	0.000837
Caniformia	Suborder	24.977755	0.000842
Caniformia	Suborder	24.977755	0.000827
Caniformia	Suborder	37.432678	0.000276
Caniformia	Suborder	29.29028	0.00031
Caniformia	Suborder	29.29028	0.000301
Caniformia	Suborder	41.431445	0.000927
Caniformia	Suborder	30.002147	0.000965
Caniformia	Suborder	30.002147	0.000975
Caniformia	Suborder	28.668716	0.000731
Caniformia	Suborder	28.668716	0.000751
Caniformia	Suborder	34.589251	0.000704
Caniformia	Suborder	29.931523	0.000716
Caniformia	Suborder	29.931523	0.000719
Caniformia	Suborder	36.095753	0.000709
Caniformia	Suborder	23.353727	0.000934
Caniformia	Suborder	23.353727	0.000952
Caniformia	Suborder	46.585447	0.001079
Caniformia	Suborder	26.721523	0.000348
Caniformia	Suborder	26.721523	0.000359
Caniformia	Suborder	24.05454	0.000641
Caniformia	Suborder	24.05454	0.000648
Caniformia	Suborder	38.669915	0.000371
Caniformia	Suborder	34.430685	0.001966
Caniformia	Suborder	30.126133	0.001923
Caniformia	Suborder	30.126133	0.001966
Carnivora	Order	90.949137	0.000087
Carnivora	Order	39.869621	0.000713
Carnivora	Order	35.116489	0.000514
Carnivora	Order	42.867059	0.001048
Carnivora	Order	49.43214	0.000657
Carnivora	Order	61.892316	0.000453
Carnivora	Order	52.864252	0.00057
Carnivora	Order	52.864252	0.000532
Carnivora	Order	42.209288	0.000738
Carnivora	Order	42.998399	0.000786
Carnivora	Order	48.696557	0.00067
Carnivora	Order	32.137735	0.000591
Carnivora	Order	43.744348	0.000607
Carnivora	Order	60.280386	0.000829
Carnivora	Order	47.759504	0.000291
Carnivora	Order	49.554462	0.000842
Carnivora	Order	44.596346	0.000724
Carnivora	Order	49.047067	0.000708
Carnivora	Order	32.950531	0.000636
Cetartiodactyla	Order	83.340132	0.000225
Cetartiodactyla	Order	65.885744	0.000243
Cetartiodactyla	Order	65.885744	0.000129
Cetartiodactyla	Order	92.952879	0.000272
Cetartiodactyla	Order	32.496878	0.000792
Cetartiodactyla	Order	32.496878	0.000759
Cetartiodactyla	Order	41.811795	0.00077
Cetartiodactyla	Order	41.811795	0.00075
Cetartiodactyla	Order	54.127976	0.000477
Cetartiodactyla	Order	43.715891	0.0005
Cetartiodactyla	Order	43.715891	0.000487
Cetartiodactyla	Order	38.713445	0.001086
Cetartiodactyla	Order	38.713445	0.001088
Cetartiodactyla	Order	70.917315	0.000821
Cetartiodactyla	Order	71.585934	0.000748
Cetartiodactyla	Order	50.868036	0.000422
Cetartiodactyla	Order	50.868036	0.00036
Cetartiodactyla	Order	74.99871	0.000726
Cetartiodactyla	Order	38.09755	0.000551
Cetartiodactyla	Order	38.09755	0.000534
Cetartiodactyla	Order	45.709182	0.000571
Cetartiodactyla	Order	45.709182	0.000599
Cetartiodactyla	Order	39.129708	0.000685
Cetartiodactyla	Order	39.129708	0.000687
Cetartiodactyla	Order	39.102982	0.000711
Cetartiodactyla	Order	39.102982	0.0007
Cetartiodactyla	Order	35.955601	0.000821
Cetartiodactyla	Order	35.955601	0.000799
Cetartiodactyla	Order	53.910716	0.000882
Cetartiodactyla	Order	53.910716	0.000932
Cetartiodactyla	Order	28.982242	0.000597
Cetartiodactyla	Order	28.982242	0.000593
Cetartiodactyla	Order	41.146944	0.000592
Cetartiodactyla	Order	39.993907	0.00065
Cetartiodactyla	Order	39.993907	0.000646
Cetartiodactyla	Order	35.926893	0.000594
Cetartiodactyla	Order	54.281182	0.000652
Cetartiodactyla	Order	52.806509	0.000579
Cetartiodactyla	Order	55.139303	0.00055
Cetartiodactyla	Order	32.917362	0.000492
Cetartiodactyla	Order	32.917362	0.000488
Cetartiodactyla	Order	47.389459	0.000652
Cetartiodactyla	Order	51.179404	0.000687
Cetartiodactyla	Order	36.490517	0.000651
Cetartiodactyla	Order	36.490517	0.000588
Cetartiodactyla	Order	50.490791	0.000551
Cetartiodactyla	Order	50.490791	0.000518
Cetartiodactyla	Order	65.949565	0.000514
Cetartiodactyla	Order	58.605735	0.000536
Cetartiodactyla	Order	49.405553	0.000854
Cetartiodactyla	Order	49.405553	0.000851
Cetartiodactyla	Order	35.860079	0.000758
Cetartiodactyla	Order	35.860079	0.00073
Cetartiodactyla	Order	44.319969	0.000726
Cetartiodactyla	Order	44.601629	0.000678
Cetartiodactyla	Order	42.034514	0.000666
Cetartiodactyla	Order	31.971143	0.000668
Cetartiodactyla	Order	31.971143	0.000657
Cetartiodactyla	Order	52.444854	0.00108
Cetartiodactyla	Order	52.444854	0.001063
Cetartiodactyla	Order	45.717226	0.000993
Cetartiodactyla	Order	45.717226	0.00091
Cetartiodactyla	Order	27.111456	0.000667
Cetartiodactyla	Order	27.111456	0.000645
Cetartiodactyla	Order	50.891918	0.00036
Cetartiodactyla	Order	54.811066	0.000381
Cetartiodactyla	Order	44.897287	0.000385
Cetartiodactyla	Order	44.897287	0.00037
Cetartiodactyla	Order	36.890627	0.000627
Cetartiodactyla	Order	29.889017	0.000629
Cetartiodactyla	Order	20.7506	0.001306
Cetartiodactyla	Order	20.7506	0.001284
Cetartiodactyla	Order	27.613254	0.001953
Cetartiodactyla	Order	27.613254	0.001937
Cetartiodactyla	Order	34.247278	0.001961
Cetartiodactyla	Order	35.476343	0.001946
Choloepus_hoffmanni	Species	19.763239	0.000083
Choloepus_hoffmanni	Species	19.763239	0.000143
Chromadorea	Class	317.439814	0.00159
Chromadorea	Class	438.241132	0.000879
Chromadorea	Class	400.762529	0.00082
Chromadorea	Class	329.890755	0.000943
Chromadorea	Class	447.587824	0.00091
Chromadorea	Class	387.988566	0.002675
Chromadorea	Class	382.967566	0.001035
Chromadorea	Class	338.811396	0.001818
Chromadorea	Class	419.133074	0.000788
Ciona	Genus	181.950549	0.00098
Ciona	Genus	181.950549	0.000973
Ciona	Genus	169.935308	0.001446
Ciona	Genus	169.935308	0.001529
Ciona	Genus	195.341326	0.000933
Ciona	Genus	195.341326	0.000972
Ciona	Genus	222.071185	0.000852
Ciona	Genus	222.071185	0.000789
Ciona	Genus	159.509407	0.001185
Ciona	Genus	159.509407	0.001322
Ciona	Genus	171.896334	0.001133
Ciona	Genus	171.896334	0.001139
Ciona	Genus	199.113144	0.00066
Ciona	Genus	199.113144	0.000656
Clupeocephala	Supercohort	336.718684	0.001141
Clupeocephala	Supercohort	101.728056	0.00101
Clupeocephala	Supercohort	336.718683	0.00097
Clupeocephala	Supercohort	39.655219	0.000621
Clupeocephala	Supercohort	274.647153	0.000652
Clupeocephala	Supercohort	48.512221	0.0006
Clupeocephala	Supercohort	274.647154	0.000621
Codonosigidae	Family	601.08887	0.000879
Codonosigidae	Family	601.08887	0.0008
Codonosigidae	Family	687.717446	0.00114
Codonosigidae	Family	687.717446	0.00112
Codonosigidae	Family	527.094349	0.0008
Codonosigidae	Family	527.094349	0.000647
Codonosigidae	Family	833.294165	0.000452
Codonosigidae	Family	833.294165	0.000407
Codonosigidae	Family	738.20673	0.000647
Codonosigidae	Family	738.20673	0.00059
Codonosigidae	Family	556.705808	0.001127
Codonosigidae	Family	556.705808	0.001214
Coelomata		61.368884	0.000928
Coelomata		633.39215	0.000963
Coelomata		67.098969	0.000845
Coelomata		633.392151	0.00071
Coelomata		3.568539	0.000902
Coelomata		633.39215	0.000837
Coelomata		50.463843	0.000906
Coelomata		1.303669	0.000968
Coelomata		129.304785	0.000928
Coelomata		605.816308	0.000867
Coelomata		78.827131	0.000961
Coelomata		605.816307	0.000923
Coelomata		35.99266	0.000907
Coelomata		32.620062	0.001273
Coelomata		620.47114	0.00107
Coelomata		51.692448	0.001423
Coelomata		58.838719	0.001027
Coelomata		694.921777	0.001059
Coelomata		101.682173	0.001006
Coelomata		694.921777	0.001019
Coelomata		58.829096	0.0009
Coelomata		694.921777	0.000752
Coelomata		87.358622	0.000959
Coelomata		674.155738	0.000685
Coelomata		41.314373	0.000692
Coelomata		674.155738	0.000629
Coelomata		21.613754	0.00102
Coelomata		107.451075	0.000925
Coelomata		657.707795	0.000851
Coelomata		657.707795	0.00079
Coelomata		70.5058	0.001101
Coelomata		657.707795	0.001096
Coelomata		47.863537	0.000922
Coelomata		657.707796	0.000802
Coelomata		82.804372	0.000895
Coelomata		657.707796	0.000921
Coelomata		60.515631	0.000754
Coelomata		119.665539	0.000717
Coelomata		669.949202	0.000676
Coelomata		189.46455	0.000723
Coelomata		669.949202	0.000681
Coelomata		669.949202	0.000769
Coelomata		144.75387	0.000764
Coelomata		669.949202	0.000651
Coelomata		56.18867	0.000733
Coelomata		669.949202	0.000602
Coelomata		98.869545	0.000781
Coelomata		669.949202	0.000809
Coelomata		340.436404	0.001604
Coelomata		340.436404	0.001668
Coelomata		101.052891	0.000719
Coelomata		651.311033	0.000607
Coelomata		651.311033	0.000758
Coelomata		71.827243	0.000717
Coelomata		661.156319	0.000585
Coelomata		588.109496	0.001024
Coelomata		37.855531	0.00116
Coelomata		588.109497	0.000996
Coelomata		588.109497	0.001141
Coelomata		73.495579	0.000768
Coelomata		676.987819	0.000657
Coelomata		989.602848	0.001037
Coelomata		989.602848	0.001321
Coelomata		353.523763	0.001322
Coelomata		989.602849	0.001203
Coelomata		989.602849	0.0016
Coelomata		752.764399	0.003011
Coelomata		419.876779	0.002729
Culex_quinquefasciatus	Species	8.602123	0.001451
Culex_quinquefasciatus	Species	8.602123	0.001478
Culicidae	Family	201.784103	0.001691
Culicidae	Family	201.784103	0.001738
Culicidae	Family	262.466736	0.00181
Culicidae	Family	170.729974	0.000741
Culicinae	Subfamily	90.785624	0.001362
Culicinae	Subfamily	90.785624	0.001392
Culicinae	Subfamily	96.093381	0.001277
Culicinae	Subfamily	96.093381	0.001258
Culicinae	Subfamily	126.483345	0.001786
Culicinae	Subfamily	126.483345	0.001795
Culicinae	Subfamily	101.366392	0.001308
Culicinae	Subfamily	101.366392	0.001285
Culicinae	Subfamily	174.127509	0.000968
Culicinae	Subfamily	174.127509	0.00103
Culicinae	Subfamily	53.481379	0.001847
Culicinae	Subfamily	53.481379	0.001814
Culicinae	Subfamily	115.510719	0.001251
Culicinae	Subfamily	115.510719	0.001161
Culicinae	Subfamily	191.792469	0.001504
Culicinae	Subfamily	83.71233	0.002188
Culicinae	Subfamily	83.71233	0.002275
Culicinae	Subfamily	148.858609	0.001732
Culicinae	Subfamily	148.858609	0.001777
Culicinae	Subfamily	103.496787	0.001724
Culicinae	Subfamily	103.496787	0.001735
Culicinae	Subfamily	113.857742	0.002829
Culicinae	Subfamily	113.857742	0.002544
Culicinae	Subfamily	83.73985	0.000718
Culicinae	Subfamily	83.73985	0.000683
Danio_rerio	Species	187.179982	0.00058
Danio_rerio	Species	187.179982	0.000643
Danio_rerio	Species	0.512478	0.001187
Danio_rerio	Species	0.512478	0.001187
Dasypus_novemcinctus	Species	109.189795	0.000287
Dasypus_novemcinctus	Species	109.189795	0.000446
Dipodomys_ordii	Species	34.801732	0.000914
Dipodomys_ordii	Species	34.801732	0.001017
Drosophila	Genus	43.508384	0.001744
Drosophila	Genus	43.508384	0.001704
Drosophila	Genus	57.901004	0.001625
Drosophila	Genus	55.292371	0.001444
Drosophila	Genus	55.292371	0.001416
Drosophila	Genus	99.088064	0.001404
Drosophila	Genus	69.713964	0.001898
Drosophila	Genus	48.86668	0.001889
Drosophila	Genus	48.86668	0.001882
Drosophila	Genus	102.802744	0.001889
Drosophila	Genus	60.855942	0.001652
Drosophila	Genus	60.855942	0.001596
Drosophila	Genus	90.075386	0.001611
Drosophila	Genus	96.354626	0.000971
Drosophila	Genus	96.354626	0.000962
Drosophila	Genus	112.793499	0.00103
Drosophila	Genus	59.195663	0.001568
Drosophila	Genus	59.195663	0.001531
Drosophila	Genus	77.628242	0.001528
Drosophila	Genus	66.89839	0.001656
Drosophila	Genus	66.89839	0.001651
Drosophila	Genus	82.182847	0.001234
Drosophila	Genus	59.182274	0.001279
Drosophila	Genus	59.182274	0.001311
Drosophila	Genus	70.285933	0.001819
Drosophila	Genus	70.285933	0.001745
Drosophila	Genus	146.230226	0.000803
Drosophila	Genus	146.230226	0.00068
Drosophila	Genus	85.160697	0.001793
Drosophila	Genus	163.117489	0.000463
Drosophila	Genus	163.117489	0.000444
Drosophila	Genus	224.185526	0.000431
Drosophila	Genus	354.891751	0.000815
Drosophila	Genus	133.467251	0.0008
Drosophila	Genus	133.467251	0.000804
Drosophila	Genus	388.057611	0.000473
Drosophila	Genus	42.020061	0.001629
Drosophila	Genus	42.020061	0.001581
Drosophila	Genus	55.979368	0.001537
Drosophila	Genus	86.304705	0.001679
Drosophila	Genus	64.499183	0.001705
Drosophila	Genus	64.499183	0.001685
Drosophila	Genus	52.330887	0.002959
Drosophila	Genus	52.330887	0.002865
Drosophila	Genus	187.853576	0.000852
Drosophila	Genus	39.094012	0.000826
Drosophila	Genus	39.094012	0.000803
Drosophila	Genus	94.671261	0.00182
Drosophila	Genus	94.671261	0.001799
Drosophila	Genus	194.225969	0.001797
Drosophila	Genus	143.894519	0.000843
Drosophila	Genus	143.894519	0.000841
Drosophila	Genus	52.842493	0.000779
Drosophila_ananassae	Species	33.189877	0.00115
Drosophila_ananassae	Species	33.189877	0.001217
Drosophila_grimshawi	Species	1.794196	0.000844
Drosophila_grimshawi	Species	1.794196	0.000853
Drosophila_grimshawi	Species	1.286555	0.002811
Drosophila_grimshawi	Species	1.286555	0.002819
Drosophila_persimilis	Species	3.003535	0.001892
Drosophila_persimilis	Species	0.860244	0.001904
Drosophila_persimilis	Species	0.860244	0.001911
Drosophila_sechellia	Species	6.960969	0.000865
Drosophila_sechellia	Species	6.960969	0.00088
Drosophila_willistoni	Species	134.448027	0.001219
Drosophila_willistoni	Species	134.448027	0.001436
Drosophila_willistoni	Species	157.74322	0.001311
Drosophila_willistoni	Species	157.74322	0.001766
Echinops_telfairi	Species	97.48952	0.000844
Echinops_telfairi	Species	97.48952	0.000976
Endopterygota	Superorder	333.701362	0.001301
Endopterygota	Superorder	765.139731	0.00058
Endopterygota	Superorder	765.139731	0.000564
Euarchontoglires	Superorder	59.299213	0.000134
Euarchontoglires	Superorder	125.254964	0.00017
Euarchontoglires	Superorder	125.254964	0.000064
Euarchontoglires	Superorder	23.731355	0.000232
Euarchontoglires	Superorder	125.254964	0.000241
Euarchontoglires	Superorder	63.225364	0.000234
Euarchontoglires	Superorder	125.254964	0.000267
Euarchontoglires	Superorder	125.254964	0.000198
Euarchontoglires	Superorder	6.322641	0.000271
Euarchontoglires	Superorder	125.254964	0.000312
Euarchontoglires	Superorder	3.776547	0.000529
Euarchontoglires	Superorder	89.006086	0.000531
Euarchontoglires	Superorder	11.561821	0.00058
Euarchontoglires	Superorder	89.006087	0.000578
Euarchontoglires	Superorder	34.831573	0.000628
Euarchontoglires	Superorder	89.006087	0.000677
Euarchontoglires	Superorder	89.006087	0.000611
Euarchontoglires	Superorder	23.019199	0.000421
Euarchontoglires	Superorder	81.127853	0.000784
Euarchontoglires	Superorder	4.59491	0.000799
Euarchontoglires	Superorder	26.98533	0.000826
Euarchontoglires	Superorder	81.127853	0.00088
Euarchontoglires	Superorder	81.127853	0.000791
Euarchontoglires	Superorder	15.137411	0.000853
Euarchontoglires	Superorder	81.127854	0.000855
Euarchontoglires	Superorder	6.594597	0.00065
Euarchontoglires	Superorder	13.383781	0.00064
Euarchontoglires	Superorder	81.127853	0.000635
Euarchontoglires	Superorder	81.127853	0.000636
Euarchontoglires	Superorder	15.143198	0.0006
Euarchontoglires	Superorder	4.787446	0.000522
Euarchontoglires	Superorder	70.78126	0.000523
Euarchontoglires	Superorder	6.174511	0.000511
Euarchontoglires	Superorder	70.78126	0.000537
Euarchontoglires	Superorder	4.845876	0.000978
Euarchontoglires	Superorder	34.255335	0.000966
Euarchontoglires	Superorder	81.923352	0.000978
Euarchontoglires	Superorder	81.923352	0.000945
Euarchontoglires	Superorder	6.875306	0.000815
Euarchontoglires	Superorder	10.099987	0.000787
Euarchontoglires	Superorder	81.923353	0.000771
Euarchontoglires	Superorder	25.90019	0.000775
Euarchontoglires	Superorder	81.923353	0.000789
Euarchontoglires	Superorder	15.935066	0.000777
Euarchontoglires	Superorder	1.345963	0.000843
Euarchontoglires	Superorder	70.374064	0.000845
Euarchontoglires	Superorder	4.385302	0.000873
Euarchontoglires	Superorder	70.374063	0.000932
Euarchontoglires	Superorder	3.941941	0.001149
Euarchontoglires	Superorder	72.775775	0.001117
Euarchontoglires	Superorder	2.705888	0.001123
Euarchontoglires	Superorder	8.823518	0.001137
Euarchontoglires	Superorder	72.775775	0.00117
Euarchontoglires	Superorder	72.775775	0.001117
Euarchontoglires	Superorder	12.986806	0.001055
Euarchontoglires	Superorder	72.775775	0.001024
Euarchontoglires	Superorder	79.303624	0.001232
Eukaryota	Domain	1079.365607	0.001473
Eukaryota	Domain	1061.545245	0.001198
Eukaryota	Domain	892.907663	0.001549
Eukaryota	Domain	892.907663	0.001472
Eukaryota	Domain	78.108481	0.001102
Eukaryota	Domain	892.907662	0.00091
Eukaryota	Domain	1117.567013	0.000803
Eukaryota	Domain	1094.60107	0.000707
Eukaryota	Domain	1094.60107	0.001087
Eukaryota	Domain	966.193776	0.000776
Eukaryota	Domain	966.193776	0.001507
Eukaryota	Domain	644.046343	0.002112
Eukaryota	Domain	7.95073	0.002042
Eukaryota	Domain	644.046343	0.00199
Eukaryota	Domain	33.050758	0.001109
Eumetazoa	Subkingdom	732.033185	0.000588
Eumetazoa	Subkingdom	95.944757	0.001028
Eumetazoa	Subkingdom	732.033185	0.001223
Eumetazoa	Subkingdom	702.973097	0.000841
Eumetazoa	Subkingdom	744.824365	0.001158
Eumetazoa	Subkingdom	643.934266	0.000537
Eumetazoa	Subkingdom	19.372986	0.000629
Eumetazoa	Subkingdom	643.934266	0.000649
Eumetazoa	Subkingdom	767.646561	0.000773
Eumetazoa	Subkingdom	731.64471	0.000679
Eumetazoa	Subkingdom	458.103411	0.001466
Eumetazoa	Subkingdom	859.164949	0.00055
Eumetazoa	Subkingdom	859.164949	0.00061
Eumetazoa	Subkingdom	859.164949	0.000522
Eumetazoa	Subkingdom	781.072753	0.000509
Eumetazoa	Subkingdom	684.162127	0.00087
Eumetazoa	Subkingdom	48.669666	0.001287
Eumetazoa	Subkingdom	684.162127	0.001356
Eumetazoa	Subkingdom	72.676189	0.001273
Eumetazoa	Subkingdom	133.902983	0.001149
Eumetazoa	Subkingdom	684.162127	0.001067
Eumetazoa	Subkingdom	684.162127	0.001093
Eumetazoa	Subkingdom	48.06789	0.000948
Eumetazoa	Subkingdom	684.162127	0.000877
Eumetazoa	Subkingdom	88.485392	0.001023
Eumetazoa	Subkingdom	69.972959	0.000658
Eumetazoa	Subkingdom	627.138186	0.000548
Eumetazoa	Subkingdom	575.071418	0.000654
Euteleostomi	Subphylum	233.063168	0.000479
Euteleostomi	Subphylum	468.04911	0.000455
Euteleostomi	Subphylum	60.037734	0.000578
Euteleostomi	Subphylum	468.04911	0.000303
Euteleostomi	Subphylum	117.069114	0.000508
Euteleostomi	Subphylum	468.04911	0.000437
Euteleostomi	Subphylum	150.035822	0.000426
Euteleostomi	Subphylum	230.206563	0.000682
Euteleostomi	Subphylum	465.199705	0.00069
Euteleostomi	Subphylum	455.421461	0.001673
Euteleostomi	Subphylum	47.412517	0.001181
Euteleostomi	Subphylum	455.421462	0.001072
Euteleostomi	Subphylum	104.429288	0.001046
Euteleostomi	Subphylum	455.421462	0.001011
Euteleostomi	Subphylum	137.416442	0.000949
Euteleostomi	Subphylum	233.185304	0.000607
Euteleostomi	Subphylum	468.173569	0.000598
Euteleostomi	Subphylum	60.16519	0.000566
Euteleostomi	Subphylum	468.173569	0.000342
Euteleostomi	Subphylum	131.152934	0.000541
Euteleostomi	Subphylum	468.17357	0.000478
Euteleostomi	Subphylum	150.162536	0.000512
Euteleostomi	Subphylum	406.024664	0.000993
Euteleostomi	Subphylum	171.044934	0.001191
Euteleostomi	Subphylum	406.024664	0.001198
Euteleostomi	Subphylum	226.042012	0.000802
Euteleostomi	Subphylum	461.028985	0.000779
Euteleostomi	Subphylum	53.020739	0.000821
Euteleostomi	Subphylum	461.028985	0.000783
Euteleostomi	Subphylum	110.036048	0.000814
Euteleostomi	Subphylum	461.028985	0.000853
Euteleostomi	Subphylum	143.018942	0.000819
Euteleostomi	Subphylum	461.028985	0.000758
Euteleostomi	Subphylum	303.245452	0.000844
Euteleostomi	Subphylum	413.410593	0.00081
Euteleostomi	Subphylum	461.028985	0.000805
Euteleostomi	Subphylum	225.161677	0.000599
Euteleostomi	Subphylum	460.154187	0.000582
Euteleostomi	Subphylum	52.147258	0.000573
Euteleostomi	Subphylum	460.154188	0.000461
Euteleostomi	Subphylum	109.160062	0.000574
Euteleostomi	Subphylum	460.154187	0.000536
Euteleostomi	Subphylum	142.148515	0.000634
Euteleostomi	Subphylum	2196.251416	0.000101
Euteleostomi	Subphylum	188.761024	0.000779
Euteleostomi	Subphylum	423.690189	0.000726
Euteleostomi	Subphylum	15.679501	0.000636
Euteleostomi	Subphylum	423.690188	0.000502
Euteleostomi	Subphylum	72.71867	0.000575
Euteleostomi	Subphylum	423.690188	0.000527
Euteleostomi	Subphylum	105.681278	0.000535
Euteleostomi	Subphylum	190.476423	0.001159
Euteleostomi	Subphylum	425.471923	0.001158
Euteleostomi	Subphylum	74.475786	0.00096
Euteleostomi	Subphylum	425.471923	0.000933
Euteleostomi	Subphylum	216.468998	0.001058
Euteleostomi	Subphylum	451.462952	0.001032
Euteleostomi	Subphylum	43.46058	0.000995
Euteleostomi	Subphylum	451.462953	0.000952
Euteleostomi	Subphylum	100.467404	0.000903
Euteleostomi	Subphylum	451.462953	0.000901
Euteleostomi	Subphylum	133.459852	0.000811
Euteleostomi	Subphylum	234.67236	0.000652
Euteleostomi	Subphylum	469.667796	0.000674
Euteleostomi	Subphylum	61.663979	0.000746
Euteleostomi	Subphylum	469.667796	0.000697
Euteleostomi	Subphylum	118.670776	0.000674
Euteleostomi	Subphylum	469.667796	0.000591
Euteleostomi	Subphylum	151.664891	0.000686
Euteleostomi	Subphylum	231.491262	0.003099
Euteleostomi	Subphylum	382.448048	0.002927
Euteleostomi	Subphylum	35.844181	0.00271
Euteleostomi	Subphylum	382.448048	0.002226
Euteleostomi	Subphylum	64.443757	0.002084
Euteleostomi	Subphylum	549.694286	0.001029
Euteleostomi	Subphylum	277.806176	0.000439
Euteleostomi	Subphylum	512.797718	0.00048
Euteleostomi	Subphylum	104.789973	0.000513
Euteleostomi	Subphylum	512.797718	0.000317
Euteleostomi	Subphylum	161.812424	0.000481
Euteleostomi	Subphylum	512.797718	0.000456
Euteleostomi	Subphylum	194.791262	0.000426
Euteleostomi	Subphylum	221.751846	0.001797
Euteleostomi	Subphylum	427.485589	0.001693
Euteleostomi	Subphylum	19.476197	0.001707
Euteleostomi	Subphylum	427.485589	0.001426
Euteleostomi	Subphylum	76.493336	0.001717
Euteleostomi	Subphylum	427.485589	0.001984
Euteleostomi	Subphylum	109.477139	0.001465
Euteleostomi	Subphylum	427.485589	0.0013
Euteleostomi	Subphylum	556.449963	0.002595
Euteleostomi	Subphylum	205.456458	0.002393
Euteleostomi	Subphylum	556.449963	0.002724
Euteleostomi	Subphylum	231.709237	0.001139
Euteleostomi	Subphylum	466.698762	0.001143
Euteleostomi	Subphylum	58.689221	0.000912
Euteleostomi	Subphylum	466.698762	0.00073
Euteleostomi	Subphylum	115.705599	0.000875
Euteleostomi	Subphylum	466.698763	0.000909
Euteleostomi	Subphylum	148.692111	0.00083
Euteleostomi	Subphylum	234.940305	0.000863
Euteleostomi	Subphylum	469.928529	0.000845
Euteleostomi	Subphylum	61.922074	0.000822
Euteleostomi	Subphylum	469.928529	0.000666
Euteleostomi	Subphylum	118.935204	0.000835
Euteleostomi	Subphylum	469.928529	0.00081
Euteleostomi	Subphylum	151.921928	0.000872
Euteleostomi	Subphylum	222.029791	0.001019
Euteleostomi	Subphylum	457.025653	0.000983
Euteleostomi	Subphylum	457.025653	0.001318
Euteleostomi	Subphylum	49.022357	0.001041
Euteleostomi	Subphylum	457.025653	0.00077
Euteleostomi	Subphylum	106.02847	0.001025
Euteleostomi	Subphylum	457.025653	0.00101
Euteleostomi	Subphylum	139.022893	0.001073
Euteleostomi	Subphylum	225.255407	0.0005
Euteleostomi	Subphylum	52.2422	0.000418
Euteleostomi	Subphylum	460.248709	0.000315
Euteleostomi	Subphylum	109.255506	0.000366
Euteleostomi	Subphylum	460.248709	0.000362
Euteleostomi	Subphylum	240.049253	0.001004
Euteleostomi	Subphylum	47.163164	0.000889
Euteleostomi	Subphylum	475.044443	0.000604
Euteleostomi	Subphylum	359.583233	0.00075
Euteleostomi	Subphylum	787.468533	0.000816
Euteleostomi	Subphylum	787.468533	0.000766
Eutheria	Subclass	44.769415	0.000199
Eutheria	Subclass	129.144732	0.000204
Eutheria	Subclass	129.144732	0.000184
Eutheria	Subclass	129.144732	0.000195
Eutheria	Subclass	128.645044	0.000418
Eutheria	Subclass	80.108496	0.000645
Eutheria	Subclass	81.287298	0.000866
Eutheria	Subclass	17.816585	0.000841
Eutheria	Subclass	81.287297	0.000824
Eutheria	Subclass	74.4746	0.000722
Eutheria	Subclass	26.863958	0.000646
Eutheria	Subclass	74.4746	0.00063
Eutheria	Subclass	74.4746	0.000635
Eutheria	Subclass	6.038746	0.000629
Eutheria	Subclass	74.4746	0.000635
Eutheria	Subclass	17.145537	0.000586
Eutheria	Subclass	31.485655	0.000765
Eutheria	Subclass	97.376684	0.000766
Eutheria	Subclass	97.376684	0.000756
Eutheria	Subclass	87.324668	0.000716
Eutheria	Subclass	21.332284	0.000757
Eutheria	Subclass	87.324668	0.000764
Eutheria	Subclass	85.226309	0.001249
Eutheria	Subclass	89.327441	0.000675
Eutheria	Subclass	23.337716	0.000675
Eutheria	Subclass	89.327441	0.000684
Eutheria	Subclass	75.967843	0.001404
Eutheria	Subclass	18.517208	0.001482
Eutheria	Subclass	75.967843	0.001559
Eutheria	Subclass	75.967843	0.001472
Eutheria	Subclass	70.942623	0.00091
Eutheria	Subclass	70.942623	0.00092
Eutheria	Subclass	67.015603	0.000596
Eutheria	Subclass	19.401561	0.000561
Eutheria	Subclass	67.015603	0.000545
Eutheria	Subclass	67.015603	0.000551
Eutheria	Subclass	97.83487	0.001095
Eutheria	Subclass	41.824697	0.001138
Eutheria	Subclass	97.83487	0.0011
Eutheria	Subclass	97.83487	0.001182
Eutheria	Subclass	107.435827	0.000733
Eutheria	Subclass	117.020039	0.000645
Eutheria	Subclass	12.469912	0.000521
Eutheria	Subclass	101.418558	0.000542
Eutheria	Subclass	32.638246	0.000508
Eutheria	Subclass	101.418559	0.000459
Eutheria	Subclass	101.418559	0.000546
Eutheria	Subclass	13.024382	0.000831
Eutheria	Subclass	89.691597	0.000867
Eutheria	Subclass	89.691597	0.000777
Eutheria	Subclass	11.450709	0.000851
Eutheria	Subclass	98.899877	0.00091
Eutheria	Subclass	42.878599	0.000784
Eutheria	Subclass	98.899877	0.000748
Eutheria	Subclass	98.899877	0.000772
Eutheria	Subclass	107.683143	0.000545
Eutheria	Subclass	101.463228	0.000498
Eutheria	Subclass	88.431013	0.000506
Eutheria	Subclass	88.431013	0.000502
Eutheria	Subclass	16.402466	0.00058
Eutheria	Subclass	92.544229	0.000612
Eutheria	Subclass	35.782778	0.000546
Eutheria	Subclass	92.544229	0.000522
Eutheria	Subclass	92.544229	0.000546
Eutheria	Subclass	27.902132	0.000694
Eutheria	Subclass	95.013049	0.0007
Eutheria	Subclass	95.013049	0.00065
Eutheria	Subclass	14.673831	0.000775
Eutheria	Subclass	95.013049	0.000775
Eutheria	Subclass	23.973707	0.000797
Eutheria	Subclass	95.013049	0.000748
Eutheria	Subclass	95.013049	0.000866
Eutheria	Subclass	47.002754	0.000594
Eutheria	Subclass	101.278903	0.000581
Eutheria	Subclass	101.278903	0.000579
Eutheria	Subclass	20.760508	0.000635
Eutheria	Subclass	109.486569	0.000668
Eutheria	Subclass	39.172916	0.000619
Eutheria	Subclass	109.486569	0.000604
Eutheria	Subclass	109.486569	0.000622
Eutheria	Subclass	21.631656	0.000679
Eutheria	Subclass	69.243569	0.000678
Eutheria	Subclass	69.243569	0.000669
Eutheria	Subclass	6.636446	0.000691
Eutheria	Subclass	69.24357	0.000692
Eutheria	Subclass	13.238441	0.000686
Eutheria	Subclass	69.24357	0.000674
Eutheria	Subclass	69.24357	0.000689
Eutheria	Subclass	22.142711	0.000631
Eutheria	Subclass	78.164963	0.000624
Eutheria	Subclass	78.164963	0.000631
Eutheria	Subclass	14.32463	0.00065
Eutheria	Subclass	78.164962	0.000667
Eutheria	Subclass	22.153473	0.000638
Eutheria	Subclass	78.164962	0.000624
Eutheria	Subclass	78.164962	0.000641
Eutheria	Subclass	0.806864	0.000715
Eutheria	Subclass	72.742187	0.000717
Eutheria	Subclass	8.978122	0.000705
Eutheria	Subclass	72.742188	0.000705
Eutheria	Subclass	72.742188	0.000697
Eutheria	Subclass	108.635329	0.000684
Eutheria	Subclass	75.095127	0.000744
Eutheria	Subclass	20.716211	0.00079
Eutheria	Subclass	86.713569	0.000784
Eutheria	Subclass	3.890187	0.000622
Eutheria	Subclass	76.56246	0.000594
Eutheria	Subclass	28.855986	0.000649
Eutheria	Subclass	76.56246	0.00068
Eutheria	Subclass	76.56246	0.000635
Eutheria	Subclass	19.800027	0.000547
Eutheria	Subclass	69.894086	0.000521
Eutheria	Subclass	69.894086	0.000528
Eutheria	Subclass	7.744467	0.000677
Eutheria	Subclass	69.894086	0.000766
Eutheria	Subclass	13.888901	0.000636
Eutheria	Subclass	69.894085	0.000582
Eutheria	Subclass	69.894085	0.000647
Eutheria	Subclass	15.032717	0.001222
Eutheria	Subclass	99.063844	0.001342
Eutheria	Subclass	43.036755	0.00106
Eutheria	Subclass	99.063844	0.000969
Eutheria	Subclass	99.063844	0.001028
Eutheria	Subclass	39.656164	0.000827
Eutheria	Subclass	87.296796	0.000812
Eutheria	Subclass	87.296796	0.000785
Eutheria	Subclass	56.296773	0.001562
Eutheria	Subclass	115.172811	0.001508
Eutheria	Subclass	115.172811	0.00166
Eutheria	Subclass	31.587155	0.00032
Eutheria	Subclass	79.215847	0.000314
Eutheria	Subclass	79.215847	0.000321
Eutheria	Subclass	4.227701	0.000527
Eutheria	Subclass	44.24928	0.000577
Eutheria	Subclass	110.241272	0.000618
Eutheria	Subclass	110.241272	0.000592
Eutheria	Subclass	71.429593	0.000593
Eutheria	Subclass	71.429593	0.000575
Eutheria	Subclass	23.463367	0.000405
Eutheria	Subclass	100.909815	0.000412
Eutheria	Subclass	44.875508	0.000389
Eutheria	Subclass	100.909815	0.000378
Eutheria	Subclass	100.909815	0.000386
Eutheria	Subclass	84.678902	0.001172
Eutheria	Subclass	84.678902	0.001112
Eutheria	Subclass	28.658581	0.000923
Eutheria	Subclass	84.678902	0.000822
Eutheria	Subclass	84.678902	0.000912
Eutheria	Subclass	89.776908	0.000899
Eutheria	Subclass	92.643042	0.00102
Eutheria	Subclass	29.703706	0.00072
Eutheria	Subclass	87.036579	0.0007
Eutheria	Subclass	87.036579	0.000696
Eutheria	Subclass	18.533409	0.000809
Eutheria	Subclass	89.182558	0.000856
Eutheria	Subclass	33.141243	0.000752
Eutheria	Subclass	89.182558	0.000715
Eutheria	Subclass	89.182558	0.000741
Eutheria	Subclass	90.752096	0.000795
Eutheria	Subclass	12.009554	0.000863
Eutheria	Subclass	39.87595	0.000774
Eutheria	Subclass	129.047886	0.000718
Eutheria	Subclass	129.047886	0.00076
Eutheria	Subclass	124.546291	0.000997
Eutheria	Subclass	12.481911	0.001088
Eutheria	Subclass	89.955549	0.001078
Eutheria	Subclass	24.067495	0.001072
Eutheria	Subclass	89.955549	0.000948
Eutheria	Subclass	89.955549	0.001178
Eutheria	Subclass	20.151137	0.000833
Eutheria	Subclass	102.029676	0.000726
Eutheria	Subclass	102.029676	0.000792
Eutheria	Subclass	98.531163	0.000673
Eutheria	Subclass	118.22344	0.000613
Eutheria	Subclass	3.742093	0.000475
Eutheria	Subclass	72.930848	0.000451
Eutheria	Subclass	5.691285	0.00048
Eutheria	Subclass	72.930848	0.00045
Eutheria	Subclass	23.297074	0.000513
Eutheria	Subclass	72.930848	0.000561
Eutheria	Subclass	72.930848	0.000488
Eutheria	Subclass	6.946061	0.000533
Eutheria	Subclass	72.930847	0.000542
Eutheria	Subclass	6.937201	0.000559
Eutheria	Subclass	72.930848	0.000641
Eutheria	Subclass	7.150142	0.000743
Eutheria	Subclass	90.772717	0.000812
Eutheria	Subclass	34.753958	0.000704
Eutheria	Subclass	90.772717	0.000677
Eutheria	Subclass	90.772717	0.000701
Eutheria	Subclass	30.64545	0.000415
Eutheria	Subclass	78.284088	0.000406
Eutheria	Subclass	78.284088	0.000401
Eutheria	Subclass	10.132725	0.000455
Eutheria	Subclass	78.284088	0.000469
Eutheria	Subclass	22.272548	0.000441
Eutheria	Subclass	78.284088	0.000429
Eutheria	Subclass	78.284088	0.000437
Eutheria	Subclass	14.0817	0.002174
Eutheria	Subclass	78.731763	0.00219
Eutheria	Subclass	22.724248	0.002127
Eutheria	Subclass	78.731763	0.002086
Eutheria	Subclass	78.731763	0.002119
Eutheria	Subclass	24.280247	0.002212
Eutheria	Subclass	81.563832	0.002167
Eutheria	Subclass	81.563832	0.002193
Gadus_morhua	Species	43.160626	0.001787
Gadus_morhua	Species	43.160626	0.001997
Haplorrhini	Suborder	61.570336	0.000516
Haplorrhini	Suborder	58.682356	0.001263
Haplorrhini	Suborder	61.482868	0.000827
Haplorrhini	Suborder	61.418169	0.000774
Haplorrhini	Suborder	56.670696	0.000699
Haplorrhini	Suborder	58.152536	0.000659
Haplorrhini	Suborder	59.786398	0.000586
Haplorrhini	Suborder	56.718903	0.000797
Haplorrhini	Suborder	57.774253	0.000317
Haplorrhini	Suborder	55.517633	0.001028
Haplorrhini	Suborder	62.07517	0.000711
Haplorrhini	Suborder	57.028139	0.001036
Haplorrhini	Suborder	60.333382	0.000528
Haplorrhini	Suborder	58.28769	0.001888
Helobdella_robusta	Species	156.727076	0.000835
Helobdella_robusta	Species	156.727076	0.000971
Heterorhabditis_bacteriophora	Species	355.719662	0.000627
Heterorhabditis_bacteriophora	Species	355.719662	0.000643
Holacanthopterygii	Division	177.621534	0.00058
Holacanthopterygii	Division	159.200718	0.000838
Holacanthopterygii	Division	176.568874	0.000792
Holacanthopterygii	Division	176.568874	0.001053
Holacanthopterygii	Division	127.30099	0.001109
Holacanthopterygii	Division	144.928869	0.000999
Holacanthopterygii	Division	141.129196	0.000686
Holacanthopterygii	Division	177.152488	0.001278
Holacanthopterygii	Division	188.370636	0.000847
Holacanthopterygii	Division	149.211064	0.000773
Holacanthopterygii	Division	1457.336187	0.000143
Holacanthopterygii	Division	1051.934333	0.000167
Holacanthopterygii	Division	159.90127	0.000772
Holacanthopterygii	Division	180.762356	0.00125
Holacanthopterygii	Division	133.46164	0.000824
Holacanthopterygii	Division	133.46164	0.000689
Holacanthopterygii	Division	88.976238	0.00305
Holacanthopterygii	Division	286.670754	0.000621
Holacanthopterygii	Division	199.853065	0.000526
Holacanthopterygii	Division	171.923186	0.000893
Holacanthopterygii	Division	187.124469	0.000541
Holacanthopterygii	Division	191.772499	0.000537
Holacanthopterygii	Division	214.391384	0.000598
Holacanthopterygii	Division	219.689255	0.000828
Holacanthopterygii	Division	173.124016	0.000962
Homininae	Subfamily	2.019575	0.00056
Homininae	Subfamily	2.019575	0.000558
Homininae	Subfamily	2.019575	0.000562
Homininae	Subfamily	3.330222	0.000517
Homininae	Subfamily	3.035618	0.001172
Homininae	Subfamily	3.035618	0.001171
Homininae	Subfamily	3.035618	0.001174
Homininae	Subfamily	1.251914	0.000521
Homininae	Subfamily	1.251914	0.000524
Homininae	Subfamily	1.811687	0.000666
Homininae	Subfamily	1.811687	0.000666
Homininae	Subfamily	1.811687	0.000663
Homininae	Subfamily	5.276177	0.000519
Homininae	Subfamily	5.276177	0.000523
Homininae	Subfamily	5.276177	0.000517
Homininae	Subfamily	3.153991	0.000691
Homininae	Subfamily	3.153991	0.000688
Homininae	Subfamily	3.153991	0.000686
Homininae	Subfamily	7.873802	0.000596
Homininae	Subfamily	5.520858	0.000602
Homininae	Subfamily	5.520858	0.000597
Homininae	Subfamily	1.63845	0.000605
Homininae	Subfamily	1.63845	0.000605
Homininae	Subfamily	12.227671	0.000582
Homininae	Subfamily	12.227671	0.000567
Homininae	Subfamily	12.227671	0.000566
Homininae	Subfamily	5.004334	0.000605
Homininae	Subfamily	1.283206	0.000374
Homininae	Subfamily	1.283206	0.000381
Homininae	Subfamily	2.694042	0.000368
Homininae	Subfamily	6.037122	0.000443
Homininae	Subfamily	6.037122	0.000447
Homininae	Subfamily	6.037122	0.000471
Homininae	Subfamily	5.490053	0.000235
Homininae	Subfamily	5.490053	0.000228
Homininae	Subfamily	5.490053	0.000225
Homininae	Subfamily	2.370399	0.000522
Homininae	Subfamily	2.370399	0.000516
Homininae	Subfamily	2.370399	0.000521
Homininae	Subfamily	17.686385	0.000773
Homininae	Subfamily	4.105658	0.000726
Homininae	Subfamily	4.105658	0.000729
Homininae	Subfamily	3.27393	0.000861
Homininae	Subfamily	3.27393	0.000845
Homininae	Subfamily	3.27393	0.00084
Homininae	Subfamily	8.056945	0.00056
Homininae	Subfamily	8.056945	0.000557
Homininae	Subfamily	8.056945	0.000574
Homininae	Subfamily	4.628434	0.000782
Homininae	Subfamily	4.628434	0.000779
Homininae	Subfamily	4.628434	0.00078
Homininae	Subfamily	6.510058	0.001701
Homininae	Subfamily	2.267191	0.001683
Homininae	Subfamily	2.267191	0.001684
Hominoidea	Superfamily	19.023177	0.001723
Hominoidea	Superfamily	6.007847	0.00171
Hominoidea	Superfamily	19.023176	0.001702
Hominoidea	Superfamily	7.413247	0.0017
Hominoidea	Superfamily	19.023177	0.001695
Insectivora	Order	96.106146	0.000463
Insectivora	Order	96.106146	0.000455
Insectivora	Order	61.114206	0.000859
Insectivora	Order	61.114206	0.00087
Insectivora	Order	57.447599	0.000977
Insectivora	Order	57.447599	0.001017
Insectivora	Order	48.308153	0.00065
Insectivora	Order	48.308153	0.000635
Insectivora	Order	57.504838	0.000741
Insectivora	Order	57.504838	0.000746
Insectivora	Order	67.943499	0.000863
Insectivora	Order	67.943499	0.000805
Insectivora	Order	65.534955	0.000974
Insectivora	Order	65.534955	0.000909
Insectivora	Order	100.071789	0.001367
Insectivora	Order	100.071789	0.001363
Insectivora	Order	73.556275	0.001277
Insectivora	Order	73.556275	0.001353
Insectivora	Order	57.785564	0.000517
Insectivora	Order	57.785564	0.00051
Insectivora	Order	56.19514	0.002204
Insectivora	Order	56.19514	0.002218
Laurasiatheria	Superorder	115.02851	0.000067
Laurasiatheria	Superorder	78.487504	0.000255
Laurasiatheria	Superorder	19.623054	0.000168
Laurasiatheria	Superorder	78.487505	0.000148
Laurasiatheria	Superorder	78.487505	0.00018
Laurasiatheria	Superorder	13.527594	0.000701
Laurasiatheria	Superorder	58.540466	0.000694
Laurasiatheria	Superorder	56.409817	0.000709
Laurasiatheria	Superorder	62.15039	0.000504
Laurasiatheria	Superorder	53.532044	0.000563
Laurasiatheria	Superorder	47.931126	0.000576
Laurasiatheria	Superorder	1.56181	0.000537
Laurasiatheria	Superorder	47.931126	0.000537
Laurasiatheria	Superorder	47.931126	0.000524
Laurasiatheria	Superorder	75.901357	0.001082
Laurasiatheria	Superorder	17.013174	0.001136
Laurasiatheria	Superorder	75.901357	0.001171
Laurasiatheria	Superorder	75.901357	0.001122
Laurasiatheria	Superorder	15.6416	0.000424
Laurasiatheria	Superorder	74.522534	0.000437
Laurasiatheria	Superorder	74.522534	0.000411
Laurasiatheria	Superorder	73.5365	0.000736
Laurasiatheria	Superorder	9.705502	0.000696
Laurasiatheria	Superorder	68.591207	0.000661
Laurasiatheria	Superorder	69.310499	0.000331
Laurasiatheria	Superorder	59.701383	0.000652
Laurasiatheria	Superorder	6.53202	0.000514
Laurasiatheria	Superorder	63.517543	0.000501
Laurasiatheria	Superorder	63.517543	0.0005
Laurasiatheria	Superorder	64.932047	0.000531
Laurasiatheria	Superorder	58.478791	0.0007
Laurasiatheria	Superorder	13.156222	0.000819
Laurasiatheria	Superorder	72.043938	0.000826
Laurasiatheria	Superorder	72.043938	0.000818
Laurasiatheria	Superorder	61.841767	0.000778
Laurasiatheria	Superorder	29.115878	0.000674
Laurasiatheria	Superorder	74.150651	0.000668
Laurasiatheria	Superorder	74.150651	0.000646
Laurasiatheria	Superorder	62.291793	0.000808
Laurasiatheria	Superorder	56.828489	0.000604
Laurasiatheria	Superorder	12.475831	0.000592
Laurasiatheria	Superorder	57.533798	0.000592
Laurasiatheria	Superorder	57.533798	0.000589
Laurasiatheria	Superorder	63.841435	0.000665
Laurasiatheria	Superorder	66.201269	0.000692
Laurasiatheria	Superorder	64.205714	0.000671
Laurasiatheria	Superorder	64.205714	0.00069
Laurasiatheria	Superorder	58.617345	0.000505
Laurasiatheria	Superorder	4.998625	0.000525
Laurasiatheria	Superorder	58.617345	0.000515
Laurasiatheria	Superorder	58.617345	0.000529
Laurasiatheria	Superorder	79.124721	0.000735
Laurasiatheria	Superorder	79.124721	0.001095
Laurasiatheria	Superorder	75.11494	0.000542
Laurasiatheria	Superorder	75.11494	0.000483
Laurasiatheria	Superorder	61.54622	0.000293
Laurasiatheria	Superorder	61.54622	0.000321
Laurasiatheria	Superorder	66.452783	0.000743
Laurasiatheria	Superorder	14.595716	0.000804
Laurasiatheria	Superorder	66.452783	0.00084
Laurasiatheria	Superorder	66.452783	0.00077
Laurasiatheria	Superorder	9.727432	0.000769
Laurasiatheria	Superorder	59.749664	0.000824
Laurasiatheria	Superorder	59.749664	0.000733
Laurasiatheria	Superorder	61.054124	0.000687
Laurasiatheria	Superorder	9.969167	0.000692
Laurasiatheria	Superorder	54.984365	0.000696
Laurasiatheria	Superorder	54.984365	0.000684
Laurasiatheria	Superorder	58.802458	0.000702
Laurasiatheria	Superorder	82.291357	0.001038
Laurasiatheria	Superorder	24.92238	0.001447
Laurasiatheria	Superorder	83.817537	0.001619
Laurasiatheria	Superorder	83.817537	0.001421
Laurasiatheria	Superorder	65.535562	0.000437
Laurasiatheria	Superorder	10.533951	0.000636
Laurasiatheria	Superorder	55.546514	0.000639
Laurasiatheria	Superorder	55.546514	0.000624
Laurasiatheria	Superorder	51.556782	0.000615
Laurasiatheria	Superorder	14.40334	0.000407
Laurasiatheria	Superorder	59.416393	0.000402
Laurasiatheria	Superorder	59.416393	0.000409
Laurasiatheria	Superorder	46.271777	0.001285
Laurasiatheria	Superorder	13.640844	0.001973
Laurasiatheria	Superorder	58.961463	0.001995
Laurasiatheria	Superorder	58.961463	0.001947
Laurasiatheria	Superorder	63.622697	0.002045
Macropus_eugenii	Species	1.137241	0.000794
Macropus_eugenii	Species	1.137241	0.000796
Macropus_eugenii	Species	30.951838	0.001559
Macropus_eugenii	Species	30.951838	0.001602
Mammalia	Class	246.217808	0.000296
Mammalia	Class	76.638289	0.000289
Mammalia	Class	198.576863	0.000245
Mammalia	Class	246.217808	0.000228
Mammalia	Class	246.217808	0.000225
Mammalia	Class	183.484224	0.00051
Mammalia	Class	13.892046	0.000661
Mammalia	Class	196.384403	0.000563
Mammalia	Class	26.794733	0.000625
Mammalia	Class	99.277843	0.000587
Mammalia	Class	196.384403	0.000588
Mammalia	Class	125.148907	0.000565
Mammalia	Class	196.384404	0.000555
Mammalia	Class	196.384404	0.000557
Mammalia	Class	199.591273	0.000585
Mammalia	Class	30.005336	0.000533
Mammalia	Class	131.346326	0.000564
Mammalia	Class	199.591274	0.000579
Mammalia	Class	199.591274	0.000562
Mammalia	Class	254.069724	0.000716
Mammalia	Class	84.485464	0.000597
Mammalia	Class	178.204728	0.000585
Mammalia	Class	254.069723	0.000582
Mammalia	Class	254.069723	0.000582
Mammalia	Class	210.3945	0.000727
Mammalia	Class	40.797653	0.000691
Mammalia	Class	156.502587	0.000639
Mammalia	Class	210.3945	0.000613
Mammalia	Class	162.789676	0.000633
Mammalia	Class	210.3945	0.000632
Mammalia	Class	210.3945	0.000628
Mammalia	Class	248.555383	0.000539
Mammalia	Class	78.964742	0.000522
Mammalia	Class	153.587389	0.000502
Mammalia	Class	248.555383	0.00045
Mammalia	Class	166.008925	0.000531
Mammalia	Class	248.555383	0.000607
Mammalia	Class	248.555383	0.00048
Mammalia	Class	246.503656	0.000639
Mammalia	Class	76.91393	0.000622
Mammalia	Class	181.955072	0.00056
Mammalia	Class	246.503656	0.00053
Mammalia	Class	194.657684	0.000564
Mammalia	Class	246.503656	0.000572
Mammalia	Class	246.503656	0.000559
Mammalia	Class	251.586368	0.000327
Mammalia	Class	82.000534	0.000395
Mammalia	Class	182.158549	0.000388
Mammalia	Class	251.586368	0.000401
Mammalia	Class	194.117386	0.00037
Mammalia	Class	251.586369	0.00038
Mammalia	Class	251.586369	0.000346
Mammalia	Class	216.473581	0.001248
Mammalia	Class	46.88993	0.001104
Mammalia	Class	140.894206	0.000939
Mammalia	Class	216.473582	0.00091
Mammalia	Class	216.473582	0.000894
Mammalia	Class	227.250516	0.000691
Mammalia	Class	57.662555	0.000816
Mammalia	Class	149.054275	0.000846
Mammalia	Class	227.250516	0.000849
Mammalia	Class	164.402896	0.000856
Mammalia	Class	227.250515	0.000875
Mammalia	Class	227.250515	0.000846
Mammalia	Class	282.817162	0.001205
Mammalia	Class	113.223598	0.000926
Mammalia	Class	190.895023	0.000911
Mammalia	Class	282.817163	0.000925
Mammalia	Class	199.593154	0.000889
Mammalia	Class	282.817162	0.000894
Mammalia	Class	282.817162	0.000864
Mammalia	Class	206.275126	0.000972
Mammalia	Class	36.703012	0.001029
Mammalia	Class	143.945058	0.001008
Mammalia	Class	206.275126	0.001032
Mammalia	Class	148.024617	0.000976
Mammalia	Class	206.275126	0.000956
Mammalia	Class	206.275126	0.000966
Mammalia	Class	179.282666	0.000546
Mammalia	Class	21.975664	0.000448
Mammalia	Class	122.926576	0.000395
Mammalia	Class	179.282666	0.000375
Mammalia	Class	131.673321	0.000369
Mammalia	Class	179.282666	0.000359
Mammalia	Class	179.282666	0.000351
Marsupialia	Class	115.933787	0.000635
Marsupialia	Class	115.933787	0.000621
Metazoa	Kingdom	182.559459	0.000923
Metazoa	Kingdom	818.650849	0.000979
Metazoa	Kingdom	122.875174	0.000737
Metazoa	Kingdom	673.133547	0.000646
Metazoa	Kingdom	673.133547	0.000723
Metazoa	Kingdom	88.407144	0.000764
Metazoa	Kingdom	724.503499	0.000718
Metazoa	Kingdom	724.503499	0.00093
Metazoa	Kingdom	443.542584	0.000651
Metazoa	Kingdom	993.846956	0.000631
Metazoa	Kingdom	993.846956	0.00065
Metazoa	Kingdom	39.870609	0.000777
Metazoa	Kingdom	675.961386	0.000736
Metazoa	Kingdom	75.817403	0.0008
Metazoa	Kingdom	675.961386	0.000789
Metazoa	Kingdom	42.594774	0.000787
Metazoa	Kingdom	655.248491	0.000821
Metazoa	Kingdom	104.987524	0.000752
Metazoa	Kingdom	655.24849	0.000816
Metazoa	Kingdom	78.566236	0.000894
Metazoa	Kingdom	714.658983	0.000938
Monodelphis_domestica	Species	56.629671	0.000943
Monodelphis_domestica	Species	56.629671	0.000996
Monodelphis_domestica	Species	91.257602	0.000679
Monodelphis_domestica	Species	91.257602	0.000757
Monosiga_brevicollis	Species	568.949257	0.000609
Monosiga_brevicollis	Species	334.574153	0.000676
Monosiga_brevicollis	Species	334.574153	0.000694
Monosiga_brevicollis	Species	406.27796	0.00062
Monosiga_brevicollis	Species	381.846979	0.000579
Monosiga_brevicollis	Species	381.846979	0.000592
Murinae	Subfamily	34.290863	0.00042
Murinae	Subfamily	34.290863	0.000394
Murinae	Subfamily	15.336353	0.00083
Murinae	Subfamily	15.336353	0.000831
Murinae	Subfamily	16.462252	0.001347
Murinae	Subfamily	16.462252	0.001345
Murinae	Subfamily	28.015682	0.000704
Murinae	Subfamily	28.015682	0.000704
Murinae	Subfamily	45.023628	0.000612
Murinae	Subfamily	45.023628	0.00063
Murinae	Subfamily	45.561997	0.001338
Murinae	Subfamily	30.297252	0.00092
Murinae	Subfamily	30.297252	0.000909
Murinae	Subfamily	21.535429	0.000952
Murinae	Subfamily	21.535429	0.000958
Murinae	Subfamily	25.130633	0.001061
Murinae	Subfamily	25.130633	0.00107
Murinae	Subfamily	20.952256	0.00072
Murinae	Subfamily	20.952256	0.000721
Murinae	Subfamily	19.432315	0.000724
Murinae	Subfamily	19.432315	0.000719
Murinae	Subfamily	26.632164	0.000954
Murinae	Subfamily	26.632164	0.001018
Murinae	Subfamily	22.436006	0.001784
Murinae	Subfamily	22.436006	0.001731
Murinae	Subfamily	36.754555	0.00056
Murinae	Subfamily	36.754555	0.000557
Murinae	Subfamily	34.373922	0.001663
Murinae	Subfamily	34.373922	0.00186
Murinae	Subfamily	26.790752	0.001095
Murinae	Subfamily	26.790752	0.001092
Murinae	Subfamily	22.724276	0.001016
Murinae	Subfamily	22.724276	0.001012
Murinae	Subfamily	26.706893	0.001422
Murinae	Subfamily	26.706893	0.001465
Murinae	Subfamily	22.508934	0.0006
Murinae	Subfamily	22.508934	0.000609
Murinae	Subfamily	25.558519	0.000878
Murinae	Subfamily	25.558519	0.000855
Murinae	Subfamily	4.767635	0.001574
Murinae	Subfamily	4.767635	0.001554
Murinae	Subfamily	22.258083	0.002483
Murinae	Subfamily	22.258083	0.002464
Myotis_lucifugus	Species	9.798735	0.000692
Myotis_lucifugus	Species	9.798735	0.000701
Myotis_lucifugus	Species	36.081205	0.000722
Myotis_lucifugus	Species	36.081205	0.000745
Nematoda	Phylum	561.441577	0.001371
Nematoda	Phylum	600.301955	0.001458
Nematoda	Phylum	554.213005	0.002603
Nematoda	Phylum	535.071062	0.000979
Nematoda	Phylum	719.606852	0.000919
Neoptera	Infraclass	508.274714	0.000763
Neoptera	Infraclass	384.304202	0.000912
Neoptera	Infraclass	554.191721	0.001825
Nomascus_leucogenys	Species	12.18348	0.000885
Nomascus_leucogenys	Species	12.18348	0.000967
Nymphalidae	Family	131.979099	0.001142
Nymphalidae	Family	131.979099	0.001163
Nymphalidae	Family	153.350441	0.001213
Nymphalidae	Family	153.350441	0.001182
Nymphalidae	Family	95.015819	0.001762
Nymphalidae	Family	95.015819	0.001737
Nymphalidae	Family	118.984096	0.00136
Nymphalidae	Family	118.984096	0.001434
Nymphalidae	Family	154.811148	0.000932
Nymphalidae	Family	154.811148	0.000973
Nymphalidae	Family	96.308551	0.002236
Nymphalidae	Family	96.308551	0.002268
Nymphalidae	Family	174.008669	0.001599
Nymphalidae	Family	174.008669	0.001591
Nymphalidae	Family	150.899644	0.001157
Nymphalidae	Family	150.899644	0.001191
Nymphalidae	Family	124.358906	0.001132
Nymphalidae	Family	124.358906	0.001106
Nymphalidae	Family	145.993384	0.001445
Nymphalidae	Family	145.993384	0.001549
Nymphalidae	Family	96.46166	0.001772
Nymphalidae	Family	96.46166	0.001754
Nymphalidae	Family	183.637445	0.000706
Nymphalidae	Family	183.637445	0.000678
Obtectomera	Family	207.09644	0.001155
Obtectomera	Family	125.071657	0.001756
Obtectomera	Family	164.395057	0.001346
Obtectomera	Family	183.695384	0.00087
Obtectomera	Family	240.230002	0.001577
Obtectomera	Family	184.596964	0.001016
Obtectomera	Family	434.316266	0.000447
Obtectomera	Family	434.316266	0.000456
Obtectomera	Family	163.417508	0.001388
Obtectomera	Family	146.799747	0.001681
Obtectomera	Family	185.657088	0.00212
Obtectomera	Family	185.657088	0.002089
Opisthokonta	Subdomain	1107.621184	0.001441
Opisthokonta	Subdomain	274.624613	0.001339
Opisthokonta	Subdomain	1107.621184	0.001497
Opisthokonta	Subdomain	1002.314491	0.001389
Opisthokonta	Subdomain	982.099675	0.000573
Opisthokonta	Subdomain	982.099675	0.000574
Opisthokonta	Subdomain	982.099675	0.000634
Opisthokonta	Subdomain	987.667992	0.000593
Opisthokonta	Subdomain	912.088972	0.000397
Opisthokonta	Subdomain	1060.143977	0.00056
Opisthokonta	Subdomain	1088.667371	0.000616
Opisthokonta	Subdomain	997.919931	0.000815
Opisthokonta	Subdomain	997.919931	0.000804
Opisthokonta	Subdomain	361.846075	0.000962
Opisthokonta	Subdomain	997.919931	0.001087
Opisthokonta	Subdomain	997.919931	0.000938
Opisthokonta	Subdomain	977.310001	0.000475
Opisthokonta	Subdomain	341.28564	0.000579
Opisthokonta	Subdomain	977.310002	0.000573
Opisthokonta	Subdomain	766.803047	0.000555
Opisthokonta	Subdomain	766.803047	0.000935
Opisthokonta	Subdomain	802.13959	0.000685
Opisthokonta	Subdomain	802.13959	0.000673
Opisthokonta	Subdomain	74.016022	0.001197
Opisthokonta	Subdomain	710.109022	0.001165
Opisthokonta	Subdomain	710.109022	0.001166
Opisthokonta	Subdomain	758.241912	0.001258
Otolemur_garnettii	Species	25.239512	0.001241
Otolemur_garnettii	Species	25.239512	0.001273
Pancrustacea	Subphylum	446.601152	0.000749
Pancrustacea	Subphylum	451.758524	0.000835
Pancrustacea	Subphylum	503.574648	0.001327
Pancrustacea	Subphylum	563.412952	0.000709
Pancrustacea	Subphylum	553.192097	0.000659
Pancrustacea	Subphylum	479.095799	0.000838
Pancrustacea	Subphylum	500.906792	0.000758
Pancrustacea	Subphylum	551.744902	0.00151
Pancrustacea	Subphylum	503.824441	0.001333
Pancrustacea	Subphylum	519.220441	0.002103
Pancrustacea	Subphylum	397.690819	0.00072
Paraneoptera	Superorder	262.01715	0.000909
Paraneoptera		262.01715	0.000802
Paraneoptera		300.305184	0.001215
Paraneoptera		300.305184	0.001061
Paraneoptera		385.569895	0.00146
Paraneoptera		385.569895	0.001477
Paraneoptera		402.184127	0.001126
Paraneoptera		402.184127	0.001156
Paraneoptera		448.471141	0.001082
Paraneoptera		448.471141	0.001088
Paraneoptera		366.378017	0.001596
Paraneoptera		366.378017	0.001629
Paraneoptera		302.436853	0.001009
Paraneoptera		302.436853	0.00098
Paraneoptera		469.868092	0.001636
Paraneoptera		469.868092	0.001338
Paraneoptera		431.079252	0.001545
Paraneoptera		431.079252	0.001513
Paraneoptera		236.076139	0.000925
Paraneoptera		236.076139	0.000873
Percomorpha		128.651445	0.000698
Percomorpha		108.827446	0.000674
Percomorpha		112.290493	0.000868
Percomorpha		116.972096	0.001152
Percomorpha		92.371434	0.00084
Percomorpha		92.371434	0.000786
Percomorpha		116.412039	0.000932
Percomorpha		95.706433	0.001372
Percomorpha		79.585616	0.001305
Percomorpha		79.585616	0.001327
Percomorpha		100.127889	0.001007
Percomorpha		95.715083	0.000845
Percomorpha		79.544445	0.000909
Percomorpha		715.129433	0.000146
Percomorpha		514.319457	0.000139
Percomorpha		697.12114	0.000131
Percomorpha		697.12114	0.000141
Percomorpha		100.756585	0.000849
Percomorpha		117.439187	0.001127
Percomorpha		115.905527	0.00074
Percomorpha		47.764516	0.002889
Percomorpha		136.597376	0.000648
Percomorpha		219.572907	0.000651
Percomorpha		174.938339	0.000608
Percomorpha		119.262216	0.000459
Percomorpha		116.211598	0.001568
Percomorpha		82.471731	0.001324
Percomorpha		109.479272	0.000981
Percomorpha		89.970924	0.00099
Percomorpha		119.648173	0.000561
Percomorpha		99.553982	0.000597
Percomorpha		142.056979	0.000659
Percomorpha		114.541919	0.000728
Percomorpha		101.545907	0.000598
Percomorpha		80.551556	0.000656
Percomorpha		121.20215	0.00093
Percomorpha		91.353217	0.00114
Percomorpha		91.353217	0.001184
Percomorpha		91.353217	0.001229
Phasianidae		76.732822	0.000198
Phasianidae		76.732822	0.000383
Phasianidae		22.894195	0.000495
Phasianidae		22.894195	0.000489
Phasianidae		29.245747	0.000727
Phasianidae		29.245747	0.000735
Phasianidae		18.133126	0.000822
Phasianidae		18.133126	0.000843
Phasianidae		27.264165	0.000403
Phasianidae		27.264165	0.000416
Phasianidae		51.555849	0.000904
Phasianidae		51.555849	0.000998
Phasianidae		30.91306	0.000567
Phasianidae		30.91306	0.000606
Phasianidae		28.726254	0.000459
Phasianidae		28.726254	0.000449
Phasianidae		27.263654	0.000688
Phasianidae		27.263654	0.000694
Phasianidae		31.55259	0.000695
Phasianidae		31.55259	0.000699
Phasianidae		35.639011	0.00059
Phasianidae		35.639011	0.000613
Phasianidae		16.470203	0.001377
Phasianidae		16.470203	0.001377
Phasianidae		58.049707	0.000383
Phasianidae		58.049707	0.000358
Phasianidae		23.160687	0.000391
Phasianidae		23.160687	0.000407
Phasianidae		28.572485	0.002523
Phasianidae		28.572485	0.002653
Phasianidae		23.744878	0.000772
Phasianidae		23.744878	0.000779
Phasianidae		29.242376	0.000713
Phasianidae		29.242376	0.000722
Phasianidae		44.066533	0.001425
Phasianidae		44.066533	0.001672
Phasianidae		16.025417	0.000494
Phasianidae		16.025417	0.000494
Phasianidae		13.392757	0.002907
Phasianidae		13.392757	0.002929
Procavia_capensis	Species	37.672286	0.000854
Procavia_capensis	Species	37.672286	0.000888
Proterospongia		758.250886	0.000556
Proterospongia		758.250886	0.000572
Protostomia		586.425968	0.001204
Protostomia		611.497327	0.001472
Protostomia		37.709997	0.002148
pseudoobscura_subgroup		4.450575	0.001532
pseudoobscura_subgroup		4.450575	0.001533
pseudoobscura_subgroup		3.393626	0.001472
pseudoobscura_subgroup		3.393626	0.001472
pseudoobscura_subgroup		2.363552	0.001914
pseudoobscura_subgroup		2.363552	0.001915
pseudoobscura_subgroup		0.865486	0.001538
pseudoobscura_subgroup		0.865486	0.001538
pseudoobscura_subgroup		0.693006	0.001104
pseudoobscura_subgroup		0.693006	0.001104
pseudoobscura_subgroup		5.664303	0.00158
pseudoobscura_subgroup		5.664303	0.001582
pseudoobscura_subgroup		1.305715	0.001668
pseudoobscura_subgroup		1.305715	0.001667
pseudoobscura_subgroup		3.806552	0.001305
pseudoobscura_subgroup		3.806552	0.001305
pseudoobscura_subgroup		5.190835	0.001095
pseudoobscura_subgroup		5.190835	0.001079
pseudoobscura_subgroup		4.437857	0.001886
pseudoobscura_subgroup		1.262734	0.00153
pseudoobscura_subgroup		1.262734	0.00153
pseudoobscura_subgroup		1.621187	0.001853
pseudoobscura_subgroup		1.621187	0.001854
pseudoobscura_subgroup		1.320441	0.002695
pseudoobscura_subgroup		1.320441	0.002692
pseudoobscura_subgroup		7.95768	0.000797
pseudoobscura_subgroup		7.95768	0.000801
pseudoobscura_subgroup		0.88983	0.001962
pseudoobscura_subgroup		0.88983	0.001963
Rattus_norvegicus	Species	45.49636	0.001436
Rattus_norvegicus	Species	45.49636	0.00158
Rhabditida		324.032191	0.001441
Rhabditida		561.672421	0.001223
Rhabditida		492.998425	0.001702
Rhabditoidea		414.145728	0.001752
Rhabditoidea		283.534437	0.002169
Rhabditoidea		359.99403	0.000885
Rodentia		80.42491	0.000422
Rodentia		14.446535	0.000451
Rodentia		80.42491	0.000482
Rodentia		80.42491	0.000429
Saccharomyces_cerevisiae_S288c	Species	232.928305	0.000728
Saccharomyces_cerevisiae_S288c	Species	232.928305	0.00074
Saccharomyces_cerevisiae_S288c	Species	373.585682	0.000698
Saccharomyces_cerevisiae_S288c	Species	202.605175	0.000722
Saccharomyces_cerevisiae_S288c	Species	202.605175	0.000728
Saccharomyces_cerevisiae_S288c	Species	206.895063	0.000747
Saccharomyces_cerevisiae_S288c	Species	206.895063	0.000753
Saccharomyces_cerevisiae_S288c	Species	319.569958	0.000708
Saccharomyces_cerevisiae_S288c	Species	240.454419	0.000699
Saccharomyces_cerevisiae_S288c	Species	240.454419	0.000752
Saccharomyces_cerevisiae_S288c	Species	299.023521	0.001196
Saccharomyces_cerevisiae_S288c	Species	299.023521	0.001247
Saccharomyces_cerevisiae_S288c	Species	351.511881	0.001612
Saccharomyces_cerevisiae_S288c	Species	351.511881	0.001721
Sarcophilus_harrisii	Species	37.904667	0.000874
Sarcophilus_harrisii	Species	37.904667	0.000908
Sarcophilus_harrisii	Species	33.040357	0.001454
Sarcophilus_harrisii	Species	33.040357	0.001509
Sarcopterygii		444.074644	0.000282
Sarcopterygii		36.069999	0.000583
Sarcopterygii		444.074644	0.000465
Sarcopterygii		93.08553	0.000567
Sarcopterygii		444.074643	0.000543
Sarcopterygii		126.067734	0.000549
Sauria		206.223544	0.000406
Sauria		119.449117	0.000243
Sauria		206.223544	0.000213
Sauria		199.032806	0.00056
Sauria		112.256241	0.00049
Sauria		188.217245	0.000861
Sauria		101.424931	0.000811
Sauria		188.217245	0.000835
Sauria		202.04017	0.000658
Sauria		115.247281	0.000719
Sauria		202.04017	0.000798
Sauria		208.064867	0.000531
Sauria		121.290584	0.000429
Sauria		208.064866	0.000444
Sauria		162.728248	0.0007
Sauria		75.934728	0.000808
Sauria		162.728248	0.000808
Sauria		241.779602	0.000667
Sauria		154.983049	0.000596
Sauria		241.779602	0.000645
Sauria		267.584897	0.001044
Sauria		180.79098	0.000549
Sauria		267.584897	0.000498
Sauria		224.250946	0.001827
Sauria		137.464	0.0015
Sauria		224.250946	0.001647
Sauria		331.218668	0.000376
Sauria		184.123873	0.000761
Sauria		97.343251	0.000732
Sauria		184.123873	0.000745
Sauria		198.82491	0.001239
Sauria		112.02784	0.00127
Sauria		198.82491	0.001315
Sauropsida		237.94035	0.000204
Sauropsida		228.302684	0.000406
Sauropsida		217.804701	0.000746
Sauropsida		211.55511	0.000604
Sauropsida		223.532631	0.000398
Sauropsida		185.877334	0.00053
Sauropsida		258.071073	0.000504
Sauropsida		185.112983	0.000342
Sauropsida		98.330147	0.000436
Sauropsida		185.112983	0.000457
Sauropsida		262.225824	0.000529
Sauropsida		116.564159	0.000648
Sauropsida		37.042348	0.000706
Sauropsida		116.564159	0.000748
Sauropsida		182.717005	0.000687
Sauropsida		105.088531	0.000699
Sauropsida		182.717004	0.000697
Sauropsida		135.999032	0.000547
Sauropsida		135.999032	0.000547
Sauropsida		274.696244	0.000437
Sauropsida		225.034719	0.001103
Sauropsida		189.732301	0.00035
Sauropsida		189.732301	0.000276
Sauropsida		156.160874	0.000662
Sauropsida		77.584941	0.000766
Sauropsida		156.160875	0.000771
Sauropsida		197.734459	0.000647
Sauropsida		251.015845	0.00078
Sauropsida		235.989636	0.000465
Sauropsida		235.989636	0.000601
Sauropsida		232.712294	0.000441
Sauropsida		145.920147	0.000447
Sauropsida		232.712294	0.000496
Sciurognathi		112.028241	0.00038
Sciurognathi		59.504038	0.000789
Sciurognathi		51.978825	0.00133
Sciurognathi		60.626387	0.00129
Sciurognathi		64.426273	0.000679
Sciurognathi		65.781961	0.001123
Sciurognathi		62.609157	0.001247
Sciurognathi		60.299152	0.000918
Sciurognathi		60.569983	0.000998
Sciurognathi		60.569983	0.001003
Sciurognathi		62.867771	0.000673
Sciurognathi		59.353867	0.000711
Sciurognathi		64.439587	0.000697
Sciurognathi		57.437098	0.000707
Sciurognathi		57.801893	0.001526
Sciurognathi		62.47176	0.001309
Sciurognathi		54.91096	0.001549
Sciurognathi		54.91096	0.001499
Sciurognathi		55.377597	0.000757
Sciurognathi		55.377597	0.000708
Sciurognathi		61.201316	0.00097
Sciurognathi		62.024194	0.001176
Sciurognathi		62.024194	0.00114
Sciurognathi		51.827324	0.000858
Sciurognathi		56.7687	0.000533
Sciurognathi		56.7687	0.000534
Sciurognathi		68.68667	0.00171
Sciurognathi		61.866119	0.002358
Simiiformes	Infraorder	59.359293	0.000175
Simiiformes	Infraorder	34.889928	0.00014
Simiiformes	Infraorder	59.359293	0.000132
Simiiformes	Infraorder	59.359293	0.000083
Simiiformes	Infraorder	45.630861	0.000129
Simiiformes	Infraorder	59.359293	0.000142
Simiiformes	Infraorder	59.359293	0.000097
Simiiformes	Infraorder	59.359293	0.000123
Simiiformes	Infraorder	59.359293	0.000142
Simiiformes	Infraorder	36.616397	0.000518
Simiiformes	Infraorder	2.627284	0.000558
Simiiformes	Infraorder	36.616398	0.000612
Simiiformes	Infraorder	25.00432	0.000526
Simiiformes	Infraorder	36.616397	0.000526
Simiiformes	Infraorder	36.616397	0.000517
Simiiformes	Infraorder	33.456028	0.000391
Simiiformes	Infraorder	9.004083	0.000335
Simiiformes	Infraorder	33.456028	0.000313
Simiiformes	Infraorder	21.843424	0.000299
Simiiformes	Infraorder	33.456028	0.000284
Simiiformes	Infraorder	33.456028	0.00029
Simiiformes	Infraorder	33.456028	0.000309
Simiiformes	Infraorder	33.456028	0.00029
Simiiformes	Infraorder	33.456028	0.000295
Simiiformes	Infraorder	34.649262	0.000575
Simiiformes	Infraorder	34.649262	0.000614
Simiiformes	Infraorder	10.197976	0.000539
Simiiformes	Infraorder	34.649262	0.000515
Simiiformes	Infraorder	22.819478	0.000525
Simiiformes	Infraorder	34.649262	0.000523
Simiiformes	Infraorder	34.211488	0.000821
Simiiformes	Infraorder	9.768451	0.000738
Simiiformes	Infraorder	34.211488	0.000724
Simiiformes	Infraorder	18.793919	0.000709
Simiiformes	Infraorder	34.211488	0.0007
Simiiformes	Infraorder	22.608114	0.000695
Simiiformes	Infraorder	34.211488	0.000689
Simiiformes	Infraorder	31.046173	0.000672
Simiiformes	Infraorder	6.597925	0.000649
Simiiformes	Infraorder	31.046174	0.000644
Simiiformes	Infraorder	9.819987	0.000622
Simiiformes	Infraorder	31.046174	0.000615
Simiiformes	Infraorder	16.157625	0.000606
Simiiformes	Infraorder	31.046174	0.000602
Simiiformes	Infraorder	38.721626	0.00065
Simiiformes	Infraorder	14.274975	0.000627
Simiiformes	Infraorder	38.721625	0.00062
Simiiformes	Infraorder	22.198701	0.000615
Simiiformes	Infraorder	38.721625	0.000611
Simiiformes	Infraorder	27.116753	0.000609
Simiiformes	Infraorder	38.721625	0.000607
Simiiformes	Infraorder	31.069249	0.000571
Simiiformes	Infraorder	6.62256	0.00057
Simiiformes	Infraorder	31.069249	0.000567
Simiiformes	Infraorder	16.781189	0.000567
Simiiformes	Infraorder	31.069249	0.000564
Simiiformes	Infraorder	18.097755	0.000567
Simiiformes	Infraorder	31.069248	0.000564
Simiiformes	Infraorder	35.152864	0.000423
Simiiformes	Infraorder	10.703118	0.000415
Simiiformes	Infraorder	35.152864	0.000404
Simiiformes	Infraorder	18.679452	0.000402
Simiiformes	Infraorder	35.152863	0.000409
Simiiformes	Infraorder	22.733407	0.000385
Simiiformes	Infraorder	35.152864	0.000384
Simiiformes	Infraorder	37.584005	0.000699
Simiiformes	Infraorder	13.122656	0.000585
Simiiformes	Infraorder	37.584005	0.000564
Simiiformes	Infraorder	24.407359	0.000512
Simiiformes	Infraorder	37.584005	0.000495
Simiiformes	Infraorder	25.963069	0.000477
Simiiformes	Infraorder	37.584006	0.000461
Simiiformes	Infraorder	33.024578	0.000258
Simiiformes	Infraorder	8.564158	0.000259
Simiiformes	Infraorder	33.024577	0.000261
Simiiformes	Infraorder	14.875388	0.000245
Simiiformes	Infraorder	33.024577	0.000244
Simiiformes	Infraorder	21.403673	0.000233
Simiiformes	Infraorder	33.024577	0.000227
Simiiformes	Infraorder	34.159176	0.000876
Simiiformes	Infraorder	9.701745	0.000836
Simiiformes	Infraorder	34.159176	0.000801
Simiiformes	Infraorder	11.548221	0.000801
Simiiformes	Infraorder	34.159176	0.00085
Simiiformes	Infraorder	22.545388	0.000717
Simiiformes	Infraorder	34.159175	0.000701
Simiiformes	Infraorder	34.159175	0.000685
Simiiformes	Infraorder	34.159175	0.000701
Simiiformes	Infraorder	34.159175	0.000723
Simiiformes	Infraorder	31.315038	0.000651
Simiiformes	Infraorder	6.860636	0.000577
Simiiformes	Infraorder	31.315039	0.000543
Simiiformes	Infraorder	15.163449	0.000548
Simiiformes	Infraorder	31.315039	0.000543
Simiiformes	Infraorder	19.700119	0.000529
Simiiformes	Infraorder	31.315038	0.000519
Simiiformes	Infraorder	29.434383	0.000759
Simiiformes	Infraorder	4.983706	0.000739
Simiiformes	Infraorder	29.434383	0.000727
Simiiformes	Infraorder	10.334572	0.000728
Simiiformes	Infraorder	29.434384	0.000717
Simiiformes	Infraorder	29.434384	0.000715
Simiiformes	Infraorder	26.834729	0.001005
Simiiformes	Infraorder	2.382769	0.000929
Simiiformes	Infraorder	26.83473	0.000902
Simiiformes	Infraorder	10.808327	0.000906
Simiiformes	Infraorder	38.041805	0.00053
Simiiformes	Infraorder	4.050386	0.000575
Simiiformes	Infraorder	38.041805	0.000616
Simiiformes	Infraorder	25.691913	0.000561
Simiiformes	Infraorder	38.041805	0.000556
Simiiformes	Infraorder	38.041805	0.000558
Simiiformes	Infraorder	39.485732	0.001414
Simiiformes	Infraorder	5.589135	0.001606
Simiiformes	Infraorder	39.485732	0.001507
Simiiformes	Infraorder	39.485732	0.001499
Simiiformes	Infraorder	39.485732	0.001894
Simiiformes	Infraorder	30.497405	0.00181
Simiiformes	Infraorder	6.051202	0.001771
Simiiformes	Infraorder	30.497405	0.001758
Smegmamorpha		111.547346	0.000692
Smegmamorpha		111.547346	0.00076
Smegmamorpha		96.8956	0.000964
Smegmamorpha		96.8956	0.000932
Smegmamorpha		1164.322228	0.000086
Smegmamorpha		1164.322228	0.000453
Smegmamorpha		112.898777	0.000829
Smegmamorpha		114.090695	0.00113
Smegmamorpha		114.090695	0.001171
Smegmamorpha		52.260402	0.002881
Smegmamorpha		96.907628	0.001698
Smegmamorpha		86.889342	0.001052
Smegmamorpha		86.889342	0.001085
Sophophora		79.392676	0.001673
Sophophora		106.609231	0.001592
Sophophora		104.44536	0.001606
Sophophora		119.514657	0.001582
Sophophora		88.282322	0.001421
Sophophora		276.694717	0.000455
Sophophora		85.857073	0.001577
Sophophora		120.38831	0.00179
Sophophora		68.368735	0.002995
Sophophora		54.077871	0.000831
Sophophora		79.920057	0.000845
Sophophora		259.308708	0.000841
Sophophora		250.686689	0.001953
Sorex_araneus	Species	0.694132	0.000607
Sorex_araneus	Species	0.694132	0.000607
Strepsirrhini		49.67653	0.000558
Strepsirrhini		49.67653	0.00054
Strepsirrhini		40.036566	0.000534
Strepsirrhini		40.036566	0.000548
Strepsirrhini		54.313169	0.001257
Strepsirrhini		36.58534	0.000822
Strepsirrhini		36.58534	0.000843
Strepsirrhini		46.54776	0.000411
Strepsirrhini		46.54776	0.000425
Strepsirrhini		29.738821	0.000557
Strepsirrhini		29.738821	0.000577
Strepsirrhini		47.784651	0.000741
Strepsirrhini		47.784651	0.000787
Strepsirrhini		45.597685	0.000759
Strepsirrhini		45.597685	0.000739
Strepsirrhini		42.162992	0.000588
Strepsirrhini		42.162992	0.000596
Strepsirrhini		49.946847	0.00049
Strepsirrhini		49.946847	0.000487
Strepsirrhini		57.629808	0.000783
Strepsirrhini		57.629808	0.00094
Strepsirrhini		54.892015	0.000308
Strepsirrhini		54.892015	0.0003
Strepsirrhini		42.368389	0.000995
Strepsirrhini		42.368389	0.001052
Strepsirrhini		58.893014	0.000759
Strepsirrhini		58.893014	0.000897
Strepsirrhini		55.934026	0.000824
Strepsirrhini		55.934026	0.000833
Strepsirrhini		53.104868	0.001938
Strepsirrhini		53.104868	0.002003
Strongylocentrotus_purpuratus	Species	78.432903	0.00079
Strongylocentrotus_purpuratus	Species	78.432903	0.00085
Strongylocentrotus_purpuratus	Species	20.163399	0.001377
Strongylocentrotus_purpuratus	Species	20.163399	0.001418
Strongylocentrotus_purpuratus	Species	29.156923	0.000792
Strongylocentrotus_purpuratus	Species	29.156923	0.000807
Strongylocentrotus_purpuratus	Species	87.903813	0.000573
Strongylocentrotus_purpuratus	Species	87.903813	0.000673
Strongyloides_ratti	Species	9.697841	0.001009
Strongyloides_ratti	Species	9.697841	0.00103
Taeniopygia_guttata	Species	15.197643	0.000475
Taeniopygia_guttata	Species	15.197643	0.0005
Tetraodon_nigroviridis	Species	3.477365	0.001297
Tetraodon_nigroviridis	Species	3.477365	0.001308
Tetraodontidae		51.959082	0.00093
Tetraodontidae		51.959082	0.001136
Tetraodontidae		58.10087	0.000939
Tetraodontidae		58.10087	0.000924
Tetraodontidae		49.231078	0.001226
Tetraodontidae		49.231078	0.001221
Tetraodontidae		51.735389	0.000965
Tetraodontidae		51.735389	0.000986
Tetraodontidae		48.259512	0.000762
Tetraodontidae		48.259512	0.000778
Tetraodontidae		43.689488	0.001337
Tetraodontidae		43.689488	0.001367
Tetraodontidae		58.44237	0.000921
Tetraodontidae		58.44237	0.000904
Tetraodontidae		430.95351	0.000093
Tetraodontidae		430.95351	0.000157
Tetraodontidae		230.426532	0.00021
Tetraodontidae		230.426532	0.000218
Tetraodontidae		40.95264	0.000937
Tetraodontidae		40.95264	0.000979
Tetraodontidae		88.74374	0.001095
Tetraodontidae		88.74374	0.001124
Tetraodontidae		48.239677	0.001241
Tetraodontidae		48.239677	0.001237
Tetraodontidae		72.917718	0.00078
Tetraodontidae		72.917718	0.000865
Tetraodontidae		25.706653	0.003013
Tetraodontidae		25.706653	0.002976
Tetraodontidae		47.365932	0.000453
Tetraodontidae		47.365932	0.000463
Tetraodontidae		68.960122	0.001796
Tetraodontidae		68.960122	0.001922
Tetraodontidae		53.772044	0.001352
Tetraodontidae		71.956832	0.0009
Tetraodontidae		71.956832	0.000895
Tetraodontidae		87.39186	0.000608
Tetraodontidae		87.39186	0.000579
Tetraodontidae		75.839562	0.000592
Tetraodontidae		75.839562	0.000601
Tetraodontidae		34.260164	0.000809
Tetraodontidae		34.260164	0.000808
Tetraodontidae		34.980366	0.001232
Tetraodontidae		34.980366	0.001185
Tetraodontidae		45.830395	0.001185
Tetraodontidae		45.830395	0.001089
Tylenchida		547.813455	0.001529
Tylenchida		374.175027	0.00161
Tylenchida		374.175027	0.00157
Tylenchida		332.446222	0.001625
Tylenchida		332.446222	0.001429
Tylenchida		241.478667	0.002643
Tylenchida		241.478667	0.002671
Tylenchida		248.021225	0.001273
Tylenchida		248.021225	0.001278
Tylenchida		469.640744	0.001243
Tylenchida		469.640744	0.001091
Vertebrata		516.862741	0.000534
Vertebrata		483.766396	0.000648
Vertebrata		511.108273	0.00053
Vertebrata		536.285299	0.000531
Vertebrata		463.308965	0.001106
Vertebrata		539.027347	0.000391
Vertebrata		126.860807	0.000504
Vertebrata		539.027347	0.000577
Vertebrata		548.131387	0.000956